text,intent,source
फसल खरीदनी है,market,market.json
आज बेचना सही रहेगा,market,market.json
भरतपुर मंडी भाव,market,market.json
भगवान थारी रक्षा करे,greeting,greeting.json
જમીનની ફળદ્રુપતા બતાવો,soil,soil.json
दोपहर में बारिश होगी क्या,weather,weather.json
"म्हारे खेत री मिट्टी में नमी कम है, के करूं?",soil,soil.json
"good morning farmer, wishing you bumper harvest.",greeting,greeting.json
आज मेरे इलाके में मौसम कैसा रहेगा,weather,weather.json
zinc sulphate ka dose per acre kya hai?,fertilizer,fertilizer.csv
should i sell today,market,market.json
फसल में कीट लग गए,pest,pest.json
मेरी फसल में पत्तियों पर खाद का छिड़काव कब करें?,fertilizer,fertilizer.csv
नाइट्रोजन,soil,soil.json
म्हारी उपज रोकूं या बेच दूं,market,market.json
म्हारी माटी में पाणी री कमी है के,soil,soil.json
म्हारी जमीन री जांच रो मतलब बतावो,soil,soil.json
agriculture loan interest rate government bank mein,government,government.csv
bio fertilizer,fertilizer,fertilizer.json
soybean seed variety rajasthan ke liye,seed,seed.csv
how is crop grading done,market,market.json
गुआर का भाव आज कितना है,market,market.csv
मौसम की जानकारी कहां से मिलेगी,weather,weather.csv
show me the 7 day weather forecast,weather,weather.json
ड्रिप इरिगेशन और स्प्रिंकलर में कौन सा बेहतर है,irrigation,irrigation.csv
soil moisture level,soil,soil.json
soybean price today in rajasthan mandi,market,market.csv
कौन सी मंडी सबसे अच्छी है,market,market.json
मेरी मिट्टी में जैविक पदार्थ कैसे बढ़ाऊं?,soil,soil.csv
hi kisan,greeting,greeting.json
मंडी में बेचना है,market,market.json
mustard price,market,market.json
राम राम म्हारा दोस्त,greeting,greeting.json
monsoon forecast,weather,weather.json
क्या भाव गिरेंगे,market,market.json
tomato seed kahan se kharidein,seed,seed.csv
best crop for my soil,soil,soil.json
good morning ji,greeting,greeting.json
सिंचाई के लिए बिजली कब मिलेगी,irrigation,irrigation.csv
पधार्या रो धन्यवाद,greeting,greeting.json
weather in my district,weather,weather.json
मौसम खराब है तो कटाई कब करें,weather,weather.csv
water holding capacity of soil kaise badhayein?,soil,soil.csv
ज्यादा सिंचाई से जड़ें सड़ जाती हैं क्या,irrigation,irrigation.csv
should i spray pesticide today,weather,weather.json
किस व्यापारी को फसल बेचूँ,market,market.json
rotavator se khet taiyar karne ka tarika,machinery,machinery.csv
मेरी फसल में खाद की कमी से क्या होता है?,fertilizer,fertilizer.csv
म्हारी जमीन कमजोर है,soil,soil.json
क्या अगले महीने तक रेट बढ़ सकते हैं,market,market.json
आज चने का भाव क्या चल रहा है,market,market.csv
fertilizer deficiency emergency paudhe mar rahe hain,emergency,emergency.csv
फसल में पानी कम देने से क्या होता है,irrigation,irrigation.csv
अभी बेचने में फायदा है क्या,market,market.json
मिट्टी का प्रकार,soil,soil.json
ಮಣ್ಣಿನ ph ಎಷ್ಟು ಇದೆ,soil,soil.json
ମାଟିର ph କେତେ,soil,soil.json
मौसम का पूरा पूर्वानुमान बताइए,weather,weather.json
tomato mein septoria leaf spot disease hai,disease,disease.csv
मंडी में आज कितनी आवक है गेहूं की,market,market.csv
फसल चक्र के बारे में बताओ क्या बोना चाहिए?,crop,crop.csv
मेरे खेत में नमी कितनी होनी चाहिए,irrigation,irrigation.csv
mandi bhav gir raha hai kya is hafte,market,market.csv
आज सवाई माधोपुर में मौसम कैसा रहेगा,weather,weather.json
म्हाने सबसे भरोसेमंद मंडी बतावो,market,market.json
hi sir,greeting,greeting.json
आज वायु गुणवत्ता कैसी है,weather,weather.json
ನನ್ನ ಮಣ್ಣಿನ ಪರೀಕ್ಷೆ ಮಾಡಿ,soil,soil.json
foliar spray,fertilizer,fertilizer.json
jowar ki harvesting kab karni chahiye?,crop,crop.csv
मेरी गेहूं में करनाल बंट रोग आ गया है,disease,disease.csv
इस हफ्ते ओले पड़ेंगे क्या,weather,weather.csv
मिली बग का प्रकोप,pest,pest.csv
मेरी मिट्टी की पूरी रिपोर्ट समझाइए,soil,soil.json
pest survey,pest,pest.json
seed bank se beej kaise milega,seed,seed.csv
चने का सबसे अच्छा बीज कौन सा है,seed,seed.csv
राजस्थान में किसानों को मुफ्त बिजली मिलती है क्या,government,government.csv
hello agrodhan,greeting,greeting.json
बिजली गिरेगी क्या,weather,weather.json
can i spray fertilizer on leaves,fertilizer,fertilizer.json
உரத்தை எப்போது போட வேண்டும்,fertilizer,fertilizer.json
organic fertilizer kab aur kaise dena chahiye?,fertilizer,fertilizer.csv
म्हारे खेत में नैनो यूरिया कैसे इस्तेमाल करूं?,fertilizer,fertilizer.csv
आज हर घंटे का मौसम,weather,weather.json
npk,soil,soil.json
कल सुबह तापमान कितना रहेगा,weather,weather.csv
बारिश कब शुरू होगी,weather,weather.json
राम राम म्हारा किसान,greeting,greeting.json
मेरे खेत की मिट्टी में नमक ज्यादा है कौन सी फसल उगाऊं?,crop,crop.csv
keet se fasal nasht ho rahi hai,pest,pest.json
seed packet mein kya kya information hoti hai,seed,seed.csv
मेरे खेत में मिट्टी की उर्वरता बनाए रखने के लिए क्या करूं?,soil,soil.csv
कृषि मंडी,market,market.json
"म्हारी फसल में सल्फर री कमी है, के डालूं?",fertilizer,fertilizer.json
find a cold storage near me,market,market.json
मिट्टी की नमी,soil,soil.json
hailstorm se meri poori fasal barbad ho gayi,emergency,emergency.csv
माटी रो organic carbon,soil,soil.json
fenugreek seed price today mandi,market,market.csv
good morning bhai kisan yojana ke baare mein batao,greeting,greeting.csv
मेरे खेत में धान के लिए खाद की मात्रा बताओ,fertilizer,fertilizer.csv
राजस्थान में इस मौसम में कौन सी फसल बोनी चाहिए?,crop,crop.csv
manganese,soil,soil.json
thresher machine rent per quintal kitna hai,machinery,machinery.csv
नमस्ते भाई मेरे खेत में कीड़े लग गए हैं,greeting,greeting.csv
म्हारा खेत खातर सिंचाई री सलाह देवो,soil,soil.json
mhane ram ram sa.,greeting,greeting.json
बीज खरीदते समय क्या देखना चाहिए,seed,seed.csv
राम राम भाई सा,greeting,greeting.json
mustard msp 2024-25 kya hai,market,market.csv
शुभ प्रभात,greeting,greeting.json
potassium,soil,soil.json
प्रणाम साहब,greeting,greeting.json
new hybrid mustard variety 2024 kaunsi hai,seed,seed.csv
kisan pension yojana rajasthan ke liye apply kaise karein,government,government.csv
micronutrient fertilizer kab aur kaise dena chahiye?,fertilizer,fertilizer.csv
बारिश का पूर्वानुमान सही है क्या,weather,weather.csv
jai shri ram mitra.,greeting,greeting.json
bug report kaise karein is app mein,general,general.csv
"hello my dear friend, how are you today?",greeting,greeting.json
आज तो रौनक आगी,greeting,greeting.json
boron fertilizer,fertilizer,fertilizer.json
थाने देख मन खुश हो गयो,greeting,greeting.json
सूक्ष्म पोषक उर्वरक,fertilizer,fertilizer.json
play store mein pragati ai kaise dhundhein,general,general.csv
अजमेर मंडी में चने का लाइव भाव चाहिए,market,market.json
भगवान थाने निरोग राखे,greeting,greeting.json
मौसम के अनुसार खेती की सलाह,weather,weather.json
who is buying mustard today,market,market.json
"namaste ji, aapka din shubh aur mangalmay rahe.",greeting,greeting.json
नीलामी,market,market.json
म्हारी माटी सुधारण रो उपाय बतावो,soil,soil.json
tractor tyre puncture repair kaise karein,machinery,machinery.csv
जैविक कीट नियंत्रण,pest,pest.csv
म्हारी माटी खराब हो गी,soil,soil.json
current weather update,weather,weather.json
पौध पोषण,fertilizer,fertilizer.json
is there a weather warning today,weather,weather.json
என் மண்ணில் என்ன சத்து குறைவு,soil,soil.json
ओलावृष्टि से फसल कैसे बचाएं,weather,weather.json
म्हाने गेहूं बेचणो है,market,market.json
जयपुर मंडी भाव,market,market.json
मैग्नीशियम,soil,soil.json
weather alert for hailstorm in my area,weather,weather.csv
soil microbes kaise badhayein?,soil,soil.csv
म्हारी मिट्टी में मैग्नीशियम री कमी है,soil,soil.csv
मौसम के कारण फसल को नुकसान होगा क्या,weather,weather.json
म्हारी मिट्टी रो ph कितनो होणो चाहिए?,soil,soil.csv
क्या तेज हवा में स्प्रे करना ठीक रहेगा,weather,weather.json
म्हारी टमाटर री फसल में अर्ली ब्लाइट लाग री है के करूं?,disease,disease.csv
farm machinery rent kahan se milegi mere gaon mein,machinery,machinery.csv
hello bhai radhe radhe,greeting,greeting.csv
किथे बेचण सूं ज्यादा कमाई होसी,market,market.json
ग्वार का बाजार आने वाले दिनों में कैसा रहेगा,market,market.json
आज का भाव,market,market.json
pest damage symptoms,pest,pest.csv
कल्टीवेटर के दांत टूट गए हैं कहां से मिलेंगे,machinery,machinery.csv
म्हारी फसल में जैविक खाद कद डालणो चाहिए?,fertilizer,fertilizer.csv
ram ram sa sabhi annadata bhaiyo aur behno.,greeting,greeting.json
urad dal price today in mandi,market,market.csv
jai bajrang bali,greeting,greeting.csv
थारो हाल के है,greeting,greeting.json
क्या आज बारिश होगी,weather,weather.json
weather report,weather,weather.json
जय गौ माता,greeting,greeting.json
मेरे खेत में पिछले साल जौ था अब क्या बोऊं?,crop,crop.csv
locust swarm,pest,pest.json
namaste ji jai shri ram,greeting,greeting.csv
જમીનનું ph કેટલું છે,soil,soil.json
राम राम सा दादा,greeting,greeting.json
क्या बारिश से पहले खाद डालनी चाहिए,weather,weather.json
आराम सूं रहजो,greeting,greeting.json
seed drill machine ka kya kaam hota hai,machinery,machinery.csv
liquid fertilizer,fertilizer,fertilizer.json
मेरी मिट्टी में फास्फोरस कितना है,soil,soil.json
मेरी अरहर में विल्ट रोग आ गया है क्या करूं?,disease,disease.csv
थारा आवण सूं रौनक आ गई,greeting,greeting.json
aaj mandi mein sabse achha bhav kis fasal ka hai,market,market.csv
ୟୁରିଆ କେତେ ଦେବା ଉଚିତ,fertilizer,fertilizer.json
seed subsidy government se kaise milegi,seed,seed.csv
onion seed sowing time rajasthan mein,seed,seed.csv
आज बादळ घणा आवसी के,weather,weather.json
गेहूं का msp कितना है 2024 में,market,market.csv
morning weather,weather,weather.json
माइक से बात कैसे करें,general,general.csv
spraying weather,weather,weather.json
soil health card kya hota hai aur kaise milega?,soil,soil.csv
आज हवा कितनी तेज चलेगी,weather,weather.json
मेरे पास कम पानी है कौन सी फसल लगाऊं,irrigation,irrigation.csv
म्हारी फसल में अचानक सफेद मक्खी का हमला हो गया,emergency,emergency.csv
radhe radhe,greeting,greeting.csv
इस हफ्ते बारिश की संभावना कितनी है,weather,weather.json
white grub in soil,pest,pest.csv
"namaste ji, aapko dekhkar bahut accha laga.",greeting,greeting.json
temperature in my village,weather,weather.json
kcc banwane ke liye kahan jaana padega,government,government.csv
weather alerts for today,weather,weather.json
दिल सूं राम राम,greeting,greeting.json
खरीफ सीजन में कौन सी फसल बोनी चाहिए?,crop,crop.csv
soybean mein yellow mosaic virus ho gaya hai,disease,disease.csv
मेरे खेत में पानी की कमी है ड्रिप से कौन सी फसल उगाऊं?,crop,crop.csv
श्रीनाथजी री कृपा रहे,greeting,greeting.json
आज पौध रोपाई करूं,weather,weather.json
keet niyantran ke upay,pest,pest.json
म्हारी फसल में पोटेशियम सल्फेट कद डालणो चाहिए?,fertilizer,fertilizer.csv
mandi commission charge kitna hota hai,market,market.csv
hi buddy,greeting,greeting.json
യൂറിയ എത്ര ഇടണം,fertilizer,fertilizer.json
क्या सिंचाई की जरूरत है,soil,soil.json
should i sell my mustard today or wait,market,market.json
आज मेथी का भाव क्या है,market,market.csv
प्रणाम दादा,greeting,greeting.json
कल दोपहर में बारिश होगी क्या,weather,weather.json
आज जयपुर में बारिश होगी क्या,weather,weather.json
check soil moisture,soil,soil.json
"ram ram sa, aaj ro din ghano bhalo rahe.",greeting,greeting.json
नमस्ते जी आज खाद डालनी है,greeting,greeting.csv
महसूस होने वाला तापमान,weather,weather.json
good morning bhai pranam,greeting,greeting.csv
drone sprayer se pesticide spray kaise karein,machinery,machinery.csv
मक्का का हाइब्रिड बीज कौन सा लगाएं,seed,seed.csv
khamma ghani sa sabhi kisan mitran ne.,greeting,greeting.json
नमस्कार,greeting,greeting.json
आज कटाई करूं,weather,weather.json
मिट्टी परीक्षण रिपोर्ट कैसे देखें,general,general.csv
canal water band ho gaya emergency irrigation kaise karein,emergency,emergency.csv
highest crop price,market,market.json
अजवाइन की खेती कब और कैसे करें?,crop,crop.csv
find buyers for my produce,market,market.json
जीरा बेचने के लिए किस मंडी में जाना चाहिए,market,market.json
स्प्रेयर पंप काम नहीं कर रहा क्या करूं,machinery,machinery.csv
मेथी की बुवाई का सही समय बताओ,crop,crop.csv
म्हारी उड़द री फसल में पत्ती मोड़क रोग लाग री है,disease,disease.csv
crop loss survey kab hoga mere khet ka,government,government.csv
रेतीली मिट्टी,soil,soil.json
nearest mandi from my village kahan hai,market,market.csv
can you help me with farming,general,general.csv
माझ्या मातीचा अहवाल समजावून सांगा,soil,soil.json
आज शाम को तेज हवा चलेगी क्या,weather,weather.json
should i irrigate before rain,weather,weather.json
माइट का प्रकोप,pest,pest.json
मंडी में फसल का सही दाम कैसे मिलेगा,market,market.csv
काई हाल चाल सा,greeting,greeting.json
brown plant hopper in rice,pest,pest.csv
घणी खुशी हुई,greeting,greeting.json
when will monsoon arrive,weather,weather.json
मेरे खेत में सिंचाई नहर से पानी मिलता है कौन सी फसल बोऊं?,crop,crop.csv
neem spray for pest control,pest,pest.csv
sab patte achanak peele ho gaye emergency kya karein,emergency,emergency.csv
free bijli yojana for farmers in rajasthan,government,government.csv
आज बारिश का अलर्ट बताओ,weather,weather.json
fertilizer timing kya honi chahiye for best results?,fertilizer,fertilizer.csv
आज अलवर का मौसम,weather,weather.json
jai shri ram bhai mausam ke baare mein poochna tha,greeting,greeting.csv
आज किस मंडी में सबसे अच्छी बोली लगी,market,market.json
खम्मा घणी सा good morning bhai,greeting,greeting.csv
आज दवाई छिड़कूं के,weather,weather.json
cultivator se khet jotne ka sahi tarika kya hai,machinery,machinery.csv
which crop is best for rabi season in rajasthan?,crop,crop.csv
leaf curl virus emergency meri fasal barbad ho rahi hai,emergency,emergency.csv
ମାଟି ଶୁଖି ଯାଇଛି,soil,soil.json
soil moisture report,soil,soil.json
आज बेचूं तो फायदा रहसी के,market,market.json
potassium sulphate vs mop kya fark hai?,fertilizer,fertilizer.csv
what should i grow in my soil,soil,soil.json
ड्रिप सिस्टम में पाइप बंद हो गई है क्या करूं,irrigation,irrigation.csv
सोयाबीन का भाव,market,market.json
म्हने भूल मत जाजो,greeting,greeting.json
hi sir ji,greeting,greeting.json
थारी खेती फूले फले,greeting,greeting.json
"namaste, welcome to our agriculture assistant.",greeting,greeting.json
forecast the market price of guar,market,market.json
sesame price today rajasthan mandi,market,market.csv
market prediction,market,market.json
बीज की पैकेट पर क्या जानकारी देखें,seed,seed.csv
मृदा स्वास्थ्य कार्ड,soil,soil.json
mandi bhav ki jankari kahan se milegi,market,market.json
मेरी गाजर की फसल में पत्ती धब्बा रोग है,disease,disease.csv
hello pragati assistant,greeting,greeting.json
यूरिया कितनी मात्रा में डालें,fertilizer,fertilizer.json
आज सूरज कद डूबसी,weather,weather.json
मेरी पूरी फसल खराब हो गई,emergency,emergency.csv
आज जयपुर का मौसम,weather,weather.json
khamma ghani sa bhai khet mein kya chal raha hai,greeting,greeting.csv
हवा की रफ्तार कितनी है,weather,weather.json
ठंड,weather,weather.json
hi agrodhan,greeting,greeting.json
आज पानी बरससी के,weather,weather.json
आज ठंड घणी रहसी के,weather,weather.json
ram ram bhai aaj harvesting karni hai,greeting,greeting.csv
jai hind sir.,greeting,greeting.json
कल मंडी भाव क्या रहेगा,market,market.json
fasal mein illi,pest,pest.json
सूखे से फसल मर रही है पानी नहीं है,emergency,emergency.csv
good morning agrodhan,greeting,greeting.json
राजस्थान की किस मंडी में आज सबसे अच्छा भाव चल रहा है,market,market.json
मेरे खेत में पिछले साल जीरा था अब क्या बोऊं?,crop,crop.csv
बीज उपचार से क्या फायदा होता है,seed,seed.csv
kal subah pala padne ki sambhavna hai kya,weather,weather.csv
drip irrigation mein fertilizer kaise dete hain,irrigation,irrigation.csv
आज का मौसम खेती के लिए कैसा है,weather,weather.csv
evening weather forecast,weather,weather.json
मेरी फसल में अमोनियम सल्फेट का क्या फायदा है?,fertilizer,fertilizer.csv
जैसलमेर मंडी भाव,market,market.json
should i irrigate today,soil,soil.json
जैविक खाद,fertilizer,fertilizer.json
fym farmyard manure ka dose per bigha kya hai?,fertilizer,fertilizer.csv
biological pest control methods,pest,pest.csv
राम राम सा फेर मिलां,greeting,greeting.json
बीज को नमी से कैसे बचाएं,seed,seed.csv
मेरे खेत की मिट्टी में जल निकास कैसा है,soil,soil.json
where is the nearest warehouse,market,market.json
jai shri ram bhai beej kahan milega,greeting,greeting.csv
म्हारी फसल में कीड़े की दवाई क्या है,pest,pest.csv
कीट स्प्रे कब करें,pest,pest.json
अगले महीने का भाव,market,market.json
सरकारी लोन पर ब्याज दर कितनी है,government,government.csv
sign up kaise karein pragati ai mein,general,general.csv
रात का मौसम,weather,weather.json
sprayer machine price kitni hai market mein,machinery,machinery.csv
imidacloprid seed treatment kaise karein,seed,seed.csv
कीट का प्रकोप कब होता है,pest,pest.json
मेरे खेत में पिछले साल ज्वार था अब क्या बोऊं?,crop,crop.csv
कपास का हाइब्रिड बीज कौन सा अच्छा है,seed,seed.csv
बाबा रामदेव री मेहर रहे,greeting,greeting.json
अपना नाम और जिला कैसे बदलें,general,general.csv
आज ठंड का अलर्ट है क्या,weather,weather.json
गोगाजी महाराज रो आशीर्वाद रहे,greeting,greeting.json
healthy soil,soil,soil.json
थ्रेशर मशीन की देखभाल कैसे करें,machinery,machinery.csv
पोटाश,soil,soil.json
अपणो ख्याल राखजो,greeting,greeting.json
मृदा स्वास्थ्य,soil,soil.json
mandi bhav online kaise check karein,market,market.csv
भीलवाड़ा मंडी भाव,market,market.json
good morning pragati,greeting,greeting.json
अगले 5 दिन का मौसम,weather,weather.json
जीरा खरीदना है,market,market.json
adaab,greeting,greeting.json
pheromone trap,pest,pest.json
weather forecast for today,weather,weather.json
today weather forecast for my village,weather,weather.csv
म्हारी शुभकामना थारे साथ,greeting,greeting.json
सुबह पानी देना अच्छा है या शाम को,irrigation,irrigation.csv
कस्सी चाल री है,greeting,greeting.json
sulphur,soil,soil.json
climate update,weather,weather.json
देव नारायण री कृपा रहे,greeting,greeting.json
hello buddy,greeting,greeting.json
keet se nuksan,pest,pest.json
मेरे बोरवेल का पानी खारा है क्या करूं,irrigation,irrigation.csv
khet mein aag lag gayi hai turant help chahiye,emergency,emergency.csv
स्प्रेयर मशीन की सफाई कैसे करें,machinery,machinery.csv
म्हारे खेत में फेरस सल्फेट कद डालणो चाहिए?,fertilizer,fertilizer.csv
आगला महीना बेचण खातर ठीक रहसी के,market,market.json
नमस्ते किसान मित्र,greeting,greeting.json
pest control kaise kare,pest,pest.json
tractor driving licence kaise banwayein,machinery,machinery.csv
मेथी का बीज कब और कैसे बोएं,seed,seed.csv
मेरे खेत के लिए कौन सा उर्वरक सही रहेगा,fertilizer,fertilizer.json
क्या आज ओले पड़ेंगे,weather,weather.csv
फसल बीमा के लिए बैंक में जाना जरूरी है क्या,government,government.csv
groundnut mein fertilizer dose kya hona chahiye?,fertilizer,fertilizer.csv
"म्हारी मिट्टी में सल्फर री कमी है, के उपाय करूं?",soil,soil.json
मेरे खेत में पिछले साल मूंगफली थी अब क्या बोऊं?,crop,crop.csv
मेरे खेत में मिट्टी बहुत भारी है जुताई मुश्किल है,soil,soil.csv
how to lower soil ph naturally?,soil,soil.csv
aaj ka temperature kitna hai,weather,weather.csv
आवक,market,market.json
राम राम हुकम,greeting,greeting.json
आज दवाई छिड़काव करना सही है क्या,weather,weather.csv
fenugreek price,market,market.json
kota weather,weather,weather.json
नमी,market,market.json
sell produce,market,market.json
फसल में जड़ गलन हो रही है पौधे गिर रहे हैं,emergency,emergency.csv
आज खेत में कौन सा काम करें,weather,weather.json
कीट नियंत्रण के उपाय,pest,pest.json
माटी हिसाब सूं खेती री सलाह देवो,soil,soil.json
मक्का खरीदना है,market,market.json
flood irrigation aur drip irrigation mein kya fark hai,irrigation,irrigation.csv
fasal mein keede ki pehchaan,pest,pest.json
thiram se seed treatment kaise karein,seed,seed.csv
live mandi,market,market.json
कस्से हो भाया,greeting,greeting.json
ammonium sulphate fertilizer kab dena chahiye?,fertilizer,fertilizer.csv
"good afternoon, wishing you success in every farming activity.",greeting,greeting.json
मूंग मंडी भाव,market,market.json
मिनी ट्रैक्टर और बड़े ट्रैक्टर में कौन सा अच्छा है,machinery,machinery.csv
मेरी धनिया की फसल में स्टेम रॉट हो गई है,disease,disease.csv
lू चलने से फसल को कैसे बचाएं,weather,weather.json
गर्म हवा लू कब तक रहेगी,weather,weather.csv
crop protection from rain,weather,weather.json
श्रीगंगानगर मंडी भाव,market,market.json
क्या बाढ़ आने की संभावना है,weather,weather.json
जुग जुग जियो,greeting,greeting.json
म्हारे खेत में काली मिट्टी है कांई बोवां?,crop,crop.csv
फसल बीमा का पैसा कब मिलेगा,government,government.csv
"good morning pragati ai, have a wonderful day.",greeting,greeting.json
"म्हारे खेत री मिट्टी में लवणता ज्यादा है, के करूं?",soil,soil.json
पधारो म्हारे हुकम,greeting,greeting.json
जय भोले शंकर,greeting,greeting.json
ನನ್ನ ಮಣ್ಣಿನ ವರದಿ ವಿವರಿಸಿ,soil,soil.json
मिट्टी की सलाह,soil,soil.json
खम्मा घणी म्हारा किसान,greeting,greeting.json
बाद में बेचूं तो अच्छा रहेगा,market,market.json
ट्रैक्टर पर सरकारी सब्सिडी कैसे मिलती है,machinery,machinery.csv
खम्मा घणी म्हारा ताऊ,greeting,greeting.json
pest identification help,pest,pest.csv
थारी फसल बंपर होवे,greeting,greeting.json
soil hardpan kaise todein?,soil,soil.csv
how strong is the wind today,weather,weather.json
म्हारी माटी में जल निकास कैसा है,soil,soil.json
घणी देर पाछै मुलाकात हुई,greeting,greeting.json
buy cumin,market,market.json
म्हारी सारी फसल बर्बाद हो गई बचाओ,emergency,emergency.csv
म्हाने मूंग बेचणी है,market,market.json
मेरी मिट्टी में नमी कितनी है,soil,soil.json
great to see you again,greeting,greeting.json
अगले सप्ताह मंडी भाव,market,market.json
म्हाने खाद कद डालणी चाहिए,fertilizer,fertilizer.json
ट्रैक्टर का क्लच खराब हो गया है,machinery,machinery.csv
तूफान आने वाला है क्या,weather,weather.csv
थारो हार्दिक स्वागत है,greeting,greeting.json
कीट पहचान,pest,pest.json
एनपीके कब और कितना डालें,fertilizer,fertilizer.json
खरीफ में कौन से कीड़े आते हैं,pest,pest.csv
"hello pragati ai, nice to meet you.",greeting,greeting.json
tractor battery kharab ho gayi hai kya karein,machinery,machinery.csv
मिट्टी गीली है,soil,soil.json
म्हारे खेत में बारिश आवसी के,weather,weather.json
rate,market,market.json
भाई म्हारी मक्का री फसल में पत्ती झुलसा लाग री है,disease,disease.csv
राजस्थान में मिनी ट्रैक्टर पर सब्सिडी है क्या,government,government.csv
heat wave,weather,weather.json
मेरे खेत में मिट्टी का ph कम करने के लिए क्या डालें?,soil,soil.csv
is today good for spraying pesticides,weather,weather.json
बीज उपचार के लिए ट्राइकोडर्मा कैसे उपयोग करें,seed,seed.csv
good morning ji aaj ka din shubh ho,greeting,greeting.csv
भंडारण,market,market.json
"good evening friend, hope everything is fine.",greeting,greeting.json
top dressing fertilizer kab dena chahiye?,fertilizer,fertilizer.csv
nematode attack on roots,pest,pest.csv
rain forecast,weather,weather.json
good evening farmer,greeting,greeting.json
पधारो सा,greeting,greeting.json
टिड्डा फसल खा रहा है,pest,pest.csv
recommend the nearest mandi with highest price,market,market.json
आज रो दिन घणो बढ़िया जावै,greeting,greeting.json
बीज खराब हो गया है कैसे पता करें,seed,seed.csv
जय श्री राधे,greeting,greeting.json
gps लोकेशन कैसे ऑन करें,general,general.csv
ec value,soil,soil.json
how much water does mustard crop need per week,irrigation,irrigation.csv
भाई म्हारी चावल री फसल में नेक ब्लास्ट लाग री है,disease,disease.csv
mandi mein achha bhav kaise milega apni fasal ka,market,market.csv
क्या आज आंधी आएगी,weather,weather.json
म्हारी अरहर री फसल में स्टेरिलिटी मोजेक लाग री है,disease,disease.csv
आज खेती करूं या मौसम सुधरने का इंतजार करूं,weather,weather.json
मूंगफली में सिंचाई कब करें,irrigation,irrigation.csv
म्हारे गांव में बारिश होसी के,weather,weather.json
rabi crops ke liye certified seed kahan milega,seed,seed.csv
जीवता रहजो,greeting,greeting.json
म्हारी सरसों में npk खाद कितनी डालूं?,fertilizer,fertilizer.csv
रियल फील तापमान,weather,weather.json
म्हाने मौसम री सलाह देवो,weather,weather.json
डीएपी की सही मात्रा क्या है,fertilizer,fertilizer.json
आज बाजरो किण भाव बिक रयो है,market,market.json
आज न्यूनतम तापमान कितना रहेगा,weather,weather.json
welcome friend,greeting,greeting.json
मौसम,weather,weather.json
"म्हारी फसल में बोरोन री कमी है, के डालूं?",fertilizer,fertilizer.json
आलू की फसल रात भर में काली पड़ गई,emergency,emergency.csv
ठाकुरजी री कृपा रहे,greeting,greeting.json
churu weather,weather,weather.json
jowar mein anthracnose disease ka attack hai,disease,disease.csv
मंडी प्राइस,market,market.json
पावर वीडर से खरपतवार कैसे हटाएं,machinery,machinery.csv
थ्रेशर मशीन का किराया कितना है,machinery,machinery.csv
कद बेचणो फायदेमंद रहसी,market,market.json
खम्मा घणी किसान,greeting,greeting.json
welcome farmer,greeting,greeting.json
माटी में काई कमी निकली,soil,soil.json
खम्मा घणी दादा,greeting,greeting.csv
आज ठंड का पूर्वानुमान बताओ,weather,weather.json
hybrid seed aur normal seed mein kya fark hai,seed,seed.csv
पीएम किसान की अगली किस्त कब आएगी,government,government.csv
थारो मिलणो शुभ मानूं,greeting,greeting.json
गोदाम,market,market.json
virus fasal mein fail gaya hai emergency pesticide batao,emergency,emergency.csv
आज चांद कब डूबेगा,weather,weather.json
bajra mein ergot disease ka attack hai,disease,disease.csv
बीज को कीड़ों से कैसे बचाएं,seed,seed.csv
आज दवा का छिड़काव करूं,weather,weather.json
आज के मौसम के अनुसार मुझे क्या करना चाहिए,weather,weather.json
मेरी फसल में राइजोबियम कल्चर कब और कैसे लगाएं?,fertilizer,fertilizer.csv
सबसे अच्छा मंडी भाव कहाँ है,market,market.json
फसल में पहली खाद कब डालें,fertilizer,fertilizer.json
बैसोजी,greeting,greeting.json
today's weather,weather,weather.json
मिट्टी का पीएच कितना है,soil,soil.json
जवाब गलत आया तो क्या करूं,general,general.csv
rice mein false smut disease ho gayi hai,disease,disease.csv
coriander seed sowing time kya hai,seed,seed.csv
mic se ai se kaise baat karein,general,general.csv
अगले सप्ताह बारिश,weather,weather.json
black gram price,market,market.json
is the weather good for farm work,weather,weather.json
hi smart ai,greeting,greeting.json
masoor dal price today in mandi,market,market.csv
म्हारी फसल खरीदण वालो कूण है,market,market.json
मेरे खेत में पिछले साल अजवाइन था अब क्या बोऊं?,crop,crop.csv
काल सूं 10 दिन रो मौसम,weather,weather.json
crop price forecast,market,market.json
निकास,soil,soil.json
प्रणाम ताऊ,greeting,greeting.json
आज अलवर मंडी में क्या भाव है,market,market.csv
थाने देख मन गदगद हो गयो,greeting,greeting.json
ट्रैक्टर का इंजन ऑयल कब बदलें,machinery,machinery.csv
farm forecast,weather,weather.json
आज उड़द का भाव,market,market.json
thrips on cotton,pest,pest.json
क्या आज गेहूं की बुवाई कर सकता हूँ,weather,weather.json
म्हाने यूरिया चाहिए,fertilizer,fertilizer.json
आवता रहजो सा,greeting,greeting.json
which crop gives maximum profit in rajasthan?,crop,crop.csv
soil,soil,soil.json
म्हाने इंतजार करनो चाहिए,market,market.json
बाजरे में कितने पानी की जरूरत होती है,irrigation,irrigation.csv
vermicompost ka dose per bigha kya hona chahiye?,fertilizer,fertilizer.csv
जावक,market,market.json
kal barish hogi to beej bona band karna chahiye kya,weather,weather.csv
ram ram dada,greeting,greeting.json
गन्ने की फसल में सिंचाई कितनी बार करें,irrigation,irrigation.csv
प्रणाम जी,greeting,greeting.csv
ऐप क्रैश हो रहा है बार बार,general,general.csv
आज बाजरे का भाव क्या है मंडी में,market,market.csv
बाढ़ के पानी में खेत डूब गया फसल बचाने का उपाय बताओ,emergency,emergency.csv
मैंगनीज,soil,soil.json
म्हाने गोदाम चाहिए,market,market.json
उड़द का भाव,market,market.json
भाई म्हारी कपास री फसल में जड़ सड़न लाग री है,disease,disease.csv
आज चांद कद निकळसी,weather,weather.json
म्हारा खेत रो मौसम पूर्वानुमान,weather,weather.json
म्हारे खेत में अमोनियम सल्फेट कद डालणो चाहिए?,fertilizer,fertilizer.csv
अभी बेचूं या रुकूं,market,market.json
आज दोपहर में बारिश होगी क्या,weather,weather.json
घणा दिन जीयो,greeting,greeting.json
म्हारे खेत में पानी नहीं है 10 दिन से बारिश नहीं हुई,emergency,emergency.csv
cotton ki buwai kab karni chahiye?,crop,crop.csv
मैं अपनी फसल बेचने के लिए मंडी जाना चाहता हूँ,market,market.json
फसल की तस्वीर खींचकर कैसे भेजें,general,general.csv
म्हारी मिट्टी में नाइट्रोजन री कमी है पत्ते पीले हो रहे हैं,soil,soil.csv
live market,market,market.json
moonrise time,weather,weather.json
hail forecast,weather,weather.json
म्हारो भाग खुल गयो,greeting,greeting.json
म्हारी मिट्टी में सल्फर री कमी है के उपाय करूं?,soil,soil.csv
आज रो मौसम देखी ने सलाह देवो,weather,weather.json
आज मसूर का भाव क्या है,market,market.csv
enam,market,market.json
pm kisan beneficiary status kaise check karein,government,government.csv
ओलावृष्टि की संभावना,weather,weather.json
आज कपास का भाव,market,market.json
yeh app kaise kaam karta hai,general,general.csv
बिक्री,market,market.json
mausam vibhag ne kya bataya aaj ke liye,weather,weather.csv
आज रात ठंड ज्यादा रहेगी क्या,weather,weather.csv
jaipur weather,weather,weather.json
मूंगफली का आज का भाव बताओ,market,market.csv
कोटा मंडी भाव,market,market.json
shubh prabhat bhai sahab,greeting,greeting.csv
बैटरी स्प्रेयर और पेट्रोल स्प्रेयर में कौन सा अच्छा है,machinery,machinery.csv
म्हाने soil nutrients बतावो,soil,soil.json
उपज बेचनी है,market,market.json
today's wind speed,weather,weather.json
online mandi se fasal kaise bechein,market,market.csv
weather advisory for farmers,weather,weather.json
खम्मा घणी भाईसा,greeting,greeting.json
bajra seed rate per bigha kitna hona chahiye,seed,seed.csv
राजस्थान में किसानों के लिए कौन कौन सी योजनाएं हैं,government,government.csv
आज ट्रैक्टर चलाना सही रहेगा,weather,weather.json
आज खेत में काम करूं,weather,weather.json
मेरी फसल बेचने के लिए सबसे अच्छी मंडी कौन सी है,market,market.csv
app ke baare mein apni rai kaise dein,general,general.csv
pm kisan next installment release date kya hai,government,government.csv
pm kisan complaint kaise darj karein,government,government.csv
मेरे खेत में हल्की मिट्टी है कौन सी फसल उगाऊं?,crop,crop.csv
soil moisture kaise check karein?,soil,soil.csv
कृषि यंत्र किराए पर कहां मिलेंगे,machinery,machinery.csv
आज कोटा में मौसम कैसा है,weather,weather.json
म्हारी जमीन री उर्वरता बढ़ावणी है,soil,soil.json
मानसून कब आएगा इस साल,weather,weather.csv
hanumangarh mandi gehu price today,market,market.csv
मिट्टी की जल धारण क्षमता कितनी है,soil,soil.json
ट्रैक्टर चलाने का लाइसेंस कैसे बनवाएं,machinery,machinery.csv
pm kisan ka paisa kab aayega mere account mein,government,government.csv
आज ठंड कितनी रहेगी,weather,weather.json
जिंक कब डालें,fertilizer,fertilizer.json
kitne hp ka tractor mujhe chahiye mere khet ke liye,machinery,machinery.csv
एमएसपी किण है,market,market.json
किसान सम्मान निधि का पैसा नहीं आया शिकायत कहां करें,government,government.csv
आज धूप बहुत तेज होगी क्या,weather,weather.json
मेरे खेत में पिछले साल सौंफ था अब क्या बोऊं?,crop,crop.csv
मेरी मिट्टी में कैल्शियम की कमी है क्या करूं?,soil,soil.csv
मंडी खुलने का समय क्या है,market,market.json
मेरी मिट्टी में माइक्रोन्यूट्रिएंट्स की कमी है क्या करूं?,soil,soil.csv
fasal peeli pad rahi hai aur mar rahi hai sos,emergency,emergency.csv
"pranam annadata, aapka hardik swagat hai.",greeting,greeting.json
how to switch language to english in app,general,general.csv
भाव बढ़ेगा या घटेगा,market,market.json
मंडी कीमत,market,market.json
म्हाने जयपुर मंडी रो भाव बतावो,market,market.json
current weather conditions,weather,weather.json
wind speed kitni hai aaj,weather,weather.csv
ईनाम,market,market.json
हनुमानगढ़ मंडी में सरसों का भाव,market,market.json
आलू में पानी देने का तरीका बताओ,irrigation,irrigation.csv
commission agent,market,market.json
मेरी मिर्च के फलों पर काले धब्बे आ गए हैं,disease,disease.csv
नागौर मंडी में जीरा का भाव,market,market.json
खम्मा घणी भाई आज मंडी जाना है,greeting,greeting.csv
weather by hour,weather,weather.json
which crop is best for crop rotation after wheat?,crop,crop.csv
germination rate kam hai kya karein,seed,seed.csv
"ram ram sa, bhagwan tharo bhalo kare.",greeting,greeting.json
रात को सिंचाई करना सही है क्या,irrigation,irrigation.csv
"jai shri ram mitra, aapka din mangalmay ho.",greeting,greeting.json
आज मैं गेहूं बेचना चाहता हूँ,market,market.json
टिड्डी दल का हमला,pest,pest.csv
canal water schedule kab aayega meri tehsil mein,irrigation,irrigation.csv
ग्वार का भाव,market,market.json
good evening my friend.,greeting,greeting.json
भाई म्हारे खेत में कौन सी फसल बोवां जो कम पाणी में हो जावे?,crop,crop.csv
best crop for sandy soil in rajasthan?,crop,crop.csv
is mahine mein lू chalegi kya,weather,weather.csv
aaj ka mandi rate app mein kahan hai,general,general.csv
म्हारे खेत री मिट्टी में जिप्सम डालने से के फायदो होसी?,soil,soil.csv
खेती के लिए सरकारी लोन कैसे मिलेगा,government,government.csv
"good morning, may your crops always remain healthy and green.",greeting,greeting.json
basal dose,fertilizer,fertilizer.json
मृदा,soil,soil.json
ईश्वर थाने सुखी राखे,greeting,greeting.json
फसल का आज का भाव,market,market.json
खम्मा घणी भाई,greeting,greeting.json
kem cho khedut,greeting,greeting.json
where can i get the highest market price today,market,market.json
maize price today in rajasthan,market,market.csv
मंडी,market,market.json
औषधीय फसलें कौन सी हैं जो मुझे ज्यादा मुनाफा दें?,crop,crop.csv
कोल्ड स्टोरेज,market,market.json
अलसी की खेती कब और कैसे करें?,crop,crop.csv
borewell band ho gaya fasal ko paani nahi mil raha,emergency,emergency.csv
which company developed pragati ai,general,general.csv
मेरी मेथी में पाउडरी मिल्ड्यू हो गई है,disease,disease.csv
hi there pragati,greeting,greeting.csv
आज कितनी गर्मी पड़ेगी,weather,weather.csv
नमस्ते जी jai hind,greeting,greeting.csv
"ram ram sa, tharo swagat hai.",greeting,greeting.json
good morning ji khamma ghani,greeting,greeting.csv
kide se fasal barbad ho rahi hai,pest,pest.csv
क्या ओले गिरेंगे,weather,weather.json
today's weather in my location,weather,weather.json
soil test,soil,soil.json
कल बारिश होगी,weather,weather.json
राम राम सा म्हारा किसान भाई,greeting,greeting.json
मंडी रेट,market,market.json
good evening agrodhan,greeting,greeting.json
मानसून आ गया क्या,weather,weather.json
स्प्रेयर नोजल बंद हो गई है क्या करूं,machinery,machinery.csv
मेरे खेत के लिए कौन सा बीज सही रहेगा,seed,seed.csv
guar ka aaj ka rate kya hai,market,market.csv
drip fertigation,fertilizer,fertilizer.json
फसल में कीट लाग्यो है,pest,pest.json
power tiller vs tractor kaunsa sasta padega,machinery,machinery.csv
मंडी भाव का अनुमान बताइए,market,market.json
मेरे खेत के लिए कितने hp का ट्रैक्टर चाहिए,machinery,machinery.csv
आज मंडी में खरीददार हैं क्या,market,market.json
आज का मंडी भाव कहां देखें,general,general.csv
khet mein paani bhar gaya hai kya karein,irrigation,irrigation.csv
आर्द्रता,weather,weather.json
म्हाने फसल बेचणी है,market,market.json
good morning,greeting,greeting.json
hello,greeting,greeting.json
म्हारी फसल रो तौल करावो,market,market.json
aphid control in mustard crop,pest,pest.csv
म्हारे गांव में तापमान किण है,weather,weather.json
सरसों की फसल को कितना पानी चाहिए,irrigation,irrigation.csv
नीम कोटेड यूरिया,fertilizer,fertilizer.json
जिंक की कमी है क्या,soil,soil.json
push notification kaise on karein,general,general.csv
मिट्टी जांच रिपोर्ट,soil,soil.json
crop insurance claim rejected kya karein,government,government.csv
आज सिंचाई करूं या नहीं,weather,weather.json
पधारो सा थांरो स्वागत है,greeting,greeting.json
sell cumin,market,market.json
soil card,soil,soil.json
आज तूफान का पूर्वानुमान बताओ,weather,weather.json
have a great day,greeting,greeting.json
मेरे खेत में जैविक खाद कितनी डालें?,fertilizer,fertilizer.csv
harvester machine kiraye par kahan milegi,machinery,machinery.csv
खम्मा घणी भाई प्रणाम जी,greeting,greeting.csv
म्हारी माटी में पोटाश कम है,soil,soil.json
recommend fertilizer for my crop,fertilizer,fertilizer.json
मृदा नमी,soil,soil.json
narma cotton price today sriganganagar mandi,market,market.csv
मेरे खेत की मिट्टी में पोषक तत्वों की कमी है क्या करूं?,soil,soil.csv
म्हारो प्रणाम स्वीकार करो,greeting,greeting.json
मेरे खेत में ssp और dap में कौन सा बेहतर है?,fertilizer,fertilizer.csv
क्या आज खेत में काम करना सही रहेगा,weather,weather.json
kaise ho,greeting,greeting.json
म्हारी फसल में ssp खाद कद डालणो चाहिए?,fertilizer,fertilizer.csv
farm loan maafi ki koi yojana hai kya rajasthan mein,government,government.csv
राम राम जी सा,greeting,greeting.json
whitefly attack on cotton,pest,pest.csv
क्या अगले सप्ताह सरसों महंगी होगी,market,market.json
मक्का का भाव,market,market.json
isabgol seed kahan milega rajasthan mein,seed,seed.csv
pm kisan yojana app mein kaise dekhein,general,general.csv
इस हफ्ते बारिश का अनुमान है क्या,weather,weather.csv
predict today's crop market trend,market,market.json
मेरे खेत में टिड्डी दल आ गया है,emergency,emergency.csv
ram ram bhai khamma ghani sa,greeting,greeting.csv
म्हारा गांव में पधारो,greeting,greeting.json
আমার মাটিতে আর্দ্রতা কত,soil,soil.json
आज हनुमानगढ़ मंडी में गेहूं का भाव,market,market.csv
सरकारी योजना का स्टेटस ऑनलाइन कैसे चेक करें,government,government.csv
"namaste ji, aapka swagat hai.",greeting,greeting.json
onion mein stemphylium blight disease hai,disease,disease.csv
म्हारी फसल किण मंडी में बेचूं,market,market.json
मूंगफली की बुवाई का सही समय बताओ,crop,crop.csv
म्हारे खेत री मिट्टी में सल्फर री कमी है के डालूं?,soil,soil.csv
म्हारे खेत में बाजरे के लिए खाद की मात्रा बताओ,fertilizer,fertilizer.csv
मेरी मिट्टी के अनुसार खेती की योजना बनाइए,soil,soil.json
dry soil,soil,soil.json
थारा खेत लहरावै,greeting,greeting.json
fruit borer,pest,pest.json
analyze soil fertility,soil,soil.json
क्या आज स्प्रे करना सुरक्षित रहेगा,weather,weather.json
farm work weather,weather,weather.json
hello ai,greeting,greeting.json
मेरे खेत में पिछले साल सरसों थी अब क्या बोऊं?,crop,crop.csv
मिट्टी की रिपोर्ट,soil,soil.json
ऐप का नया वर्जन कब आएगा,general,general.csv
म्हाने कोल्ड स्टोरेज बतावो,market,market.json
market comparison,market,market.json
highest auction,market,market.json
जीरे की खेती कब और कैसे करें?,crop,crop.csv
आज मेरे गांव में मौसम कैसा रहेगा,weather,weather.json
irrigation schedule for wheat in rajasthan,irrigation,irrigation.csv
आप कौन हैं,general,general.csv
भाई म्हारे खेत में कौन सी फसल बोवां जो रबी में अच्छी हो?,crop,crop.csv
दोपहर का मौसम,weather,weather.json
hello agriculture friend,greeting,greeting.json
आज गेहूं का भाव क्या है,market,market.json
germination test karne ka tarika kya hai,seed,seed.csv
मेरे खेत में कपास के लिए खाद की सिफारिश बताओ,fertilizer,fertilizer.csv
बादल छाए रहेंगे,weather,weather.json
रेट पता करना है,market,market.json
आज फेर बात होई,greeting,greeting.json
hourly wind forecast,weather,weather.json
iron,soil,soil.json
ड्रिप इरिगेशन लगाने में कितना खर्च आता है,irrigation,irrigation.csv
hello ji aaj ka temperature kitna hai,greeting,greeting.csv
जय श्री गणेश,greeting,greeting.json
compost,fertilizer,fertilizer.json
मराठी में बात कर सकते हो क्या,general,general.csv
पाले से गेहूं की फसल को कैसे बचाएं,weather,weather.csv
keetnaashak konsa dalun,pest,pest.json
मंडी में आज कितना माल आया,market,market.json
mini tractor subsidy rajasthan 2024,government,government.csv
प्रणाम किसान साहब,greeting,greeting.json
field moisture analysis,soil,soil.json
राम राम भाई jai shri ram,greeting,greeting.csv
मिट्टी जांच,soil,soil.json
moisture,market,market.json
आर्थिक क्षति स्तर,pest,pest.json
बारिश का मौसम कब तक रहेगा,weather,weather.csv
लहसुण रो भाव किण है,market,market.json
good evening bhai aaj mandi mein kya bhav hai,greeting,greeting.csv
आज का मौसम किसानों के लिए कैसा रहेगा,weather,weather.json
रबी फसलों के लिए उन्नत बीज कौन से हैं,seed,seed.csv
green manure,fertilizer,fertilizer.json
weather advisory,weather,weather.json
कद सूं थारी राह देख रया था,greeting,greeting.json
उर्वरक डालने का सही समय बताइए,fertilizer,fertilizer.json
"welcome back dear farmer, nice to see you again.",greeting,greeting.json
पाला पड़ने से पहले क्या करें,weather,weather.csv
నేలను ఎలా మెరుగుపరుచుకోవాలి,soil,soil.json
nagaur mandi bhav,market,market.json
धनिया की खेती कब और कैसे करें?,crop,crop.csv
gram price,market,market.json
यह ai कितना सटीक जवाब देता है,general,general.csv
mop,fertilizer,fertilizer.json
आज मौसम हिसाब सूं के करूं,weather,weather.json
which mandi should i choose today,market,market.json
ध्यान राखजो हुकुम,greeting,greeting.json
explain soil report,soil,soil.json
मेरी मिट्टी में नाइट्रोजन की कमी है क्या,soil,soil.json
where should i sell my mustard today,market,market.json
मेरा ट्रैक्टर खराब हो गया है क्या करूं,machinery,machinery.csv
मंडी में भाव की जानकारी कहां से मिलेगी,market,market.json
मूंगफली का भाव,market,market.json
वर्मी कम्पोस्ट,fertilizer,fertilizer.json
soil moisture,soil,soil.json
ज्यादा पानी देने से फसल को नुकसान होता है क्या,irrigation,irrigation.csv
सूत्रकृमि मिट्टी में,pest,pest.json
मेरे आलू में लेट ब्लाइट आ गई है तुरंत उपाय बताओ,disease,disease.csv
उड़द का सबसे अच्छा बीज कौन सा है,seed,seed.csv
आज धूप निकलेगी क्या,weather,weather.csv
how do i sell my crop at msp,market,market.json
will there be a storm today,weather,weather.json
is my soil dry,soil,soil.json
green gram price,market,market.json
आज का पूर्वानुमान,weather,weather.json
maize hybrid seed variety batao,seed,seed.csv
soil health analysis report,soil,soil.json
थांरो दिन मंगलमय हो,greeting,greeting.json
राम राम जी,greeting,greeting.json
everything is lost in my field sos please help,emergency,emergency.csv
म्हाने खरीदार चाहिए,market,market.json
मिर्च में एन्थ्रेक्नोज रोग के लिए कौन सी दवाई डालें?,disease,disease.csv
which rajasthan mandi is giving the best price today,market,market.json
खम्मा घणी सा आज खेत में पानी देना है,greeting,greeting.csv
keet se bachav ke upay,pest,pest.json
जैविक कार्बन,soil,soil.json
sat sri akal,greeting,greeting.json
म्हारे खेत में ओला पड़सी के,weather,weather.json
sowing weather,weather,weather.json
म्हने थारी याद आवती,greeting,greeting.json
which crop needs less water in rajasthan?,crop,crop.csv
seed treatment ke liye kya use karein,seed,seed.csv
थांरो दिन शुभ बीते,greeting,greeting.json
best cash crop for rajasthan farmers?,crop,crop.csv
should i store my crop for a few days,market,market.json
sab badhiya,greeting,greeting.json
have a nice day,greeting,greeting.json
चना का भाव,market,market.json
current cotton mandi price,market,market.json
crop weather,weather,weather.json
आज थारी याद आई,greeting,greeting.json
मेरे खेत में पिछले साल मूंग था अब क्या बोऊं?,crop,crop.csv
खरीदार,market,market.json
soil test kitne saal mein ek baar karwana chahiye?,soil,soil.csv
iron deficiency in soil kaise pahchanen?,soil,soil.csv
hi farmer,greeting,greeting.json
मेरे खेत में हरी खाद कैसे डालें?,soil,soil.csv
यूरिया,fertilizer,fertilizer.json
आज मौसम के हिसाब से क्या करें,weather,weather.json
"pranam ji, aap kaise ho?",greeting,greeting.json
माटी में पाणी घणो है,soil,soil.json
farming weather,weather,weather.json
नमस्ते जी pm kisan ka paisa aaya kya,greeting,greeting.csv
कम पानी में अधिक उत्पादन कैसे लें,irrigation,irrigation.csv
आज मक्का का भाव,market,market.json
"hi pragati ai, hope you are doing absolutely fine today.",greeting,greeting.json
best market to sell crop,market,market.json
थूं तो एकदम चोखा लागे,greeting,greeting.json
trichoderma se seed treatment kaise karein,seed,seed.csv
आज निराई गुड़ाई करूं,weather,weather.json
मूंग बेचने के लिए कौन सी मंडी सही रहेगी,market,market.json
jai hind bhai good evening,greeting,greeting.csv
आज घणो सरस लाग्यो,greeting,greeting.json
how to apply fertilizer through drip,fertilizer,fertilizer.json
npk fertilizer,fertilizer,fertilizer.json
फसल की बीमारी की फोटो कैसे भेजें,general,general.csv
जीरो रो मंडी भाव बतावो,market,market.json
मेरी मिट्टी उपजाऊ है या नहीं,soil,soil.json
मिर्च का अच्छा बीज कौन सा है,seed,seed.csv
ram ram sir,greeting,greeting.json
आज उड़द का भाव क्या है,market,market.csv
hello bhai aaj khet mein jaana hai,greeting,greeting.csv
आवो जी पधारो,greeting,greeting.json
खम्मा घणी,greeting,greeting.json
म्हारी फसल में रात भर में सब पत्ते गिर गए,emergency,emergency.csv
"मेरी मिट्टी बहुत अम्लीय है, कैसे सुधारूं?",soil,soil.json
show tomorrow's hourly forecast,weather,weather.json
"hello my dear farmer friend, welcome once again.",greeting,greeting.json
ध्यान राखजो,greeting,greeting.json
आंधी आने वाली है क्या आज,weather,weather.csv
rice mein tungro virus disease ho gayi hai,disease,disease.csv
कीटनाशक दवाई बताओ,pest,pest.csv
मेरी फसल में कीड़े लग गए हैं,pest,pest.json
सॉर्टिंग,market,market.json
farm advisory,weather,weather.json
recommend fertilizer based on soil report,soil,soil.json
इस ऐप में क्या क्या मिलता है,general,general.csv
greetings friend,greeting,greeting.json
मंडी का भाव बताओ,market,market.json
सौंफ का भाव,market,market.json
mustard mein fertilizer schedule kya hona chahiye?,fertilizer,fertilizer.csv
क्या आज बारिश होने वाली है,weather,weather.json
what is the best irrigation method for sandy soil,irrigation,irrigation.csv
canal water kab band hoga is season mein,irrigation,irrigation.csv
rotavator aur cultivator mein kya difference hai,machinery,machinery.csv
hailstorm ki koi warning hai kya aaj,weather,weather.csv
urea,fertilizer,fertilizer.json
मिर्च में थ्रिप्स कीड़ा,pest,pest.csv
अनाज मंडी,market,market.json
kisan credit card ke liye apply kaise karein,government,government.csv
soil nutrients,soil,soil.json
seed sowing depth kitni honi chahiye,seed,seed.csv
जोधपुर मंडी भाव,market,market.json
थारा दर्शन हो गया,greeting,greeting.json
शाम का मौसम,weather,weather.json
मेरी फसल को तुरंत बचाना है क्या करूं,emergency,emergency.csv
weather update,weather,weather.json
म्हारे खेत री मिट्टी में ऑर्गेनिक कार्बन कम है,soil,soil.csv
red soil,soil,soil.json
crop rotation ke baare mein batao,crop,crop.csv
pragati ai ke baare mein batao,general,general.csv
which crop gives best yield in less rainfall?,crop,crop.csv
क्या मौसम खराब होने से पहले फसल की कटाई कर लेनी चाहिए,weather,weather.json
म्हारे खेत में मैग्नीशियम सल्फेट कितनो डालूं?,fertilizer,fertilizer.csv
एनपीके,fertilizer,fertilizer.json
म्हारे खेत में पिछले साल चना था अब कांई बोवां?,crop,crop.csv
"khamma ghani sa, bhagwan thane hamesha khush rakhe.",greeting,greeting.json
cultivator teeth kahan milenge replacement ke liye,machinery,machinery.csv
मेरी फसल कौन खरीदेगा,market,market.json
barley price,market,market.json
મારી જમીનની રિપોર્ટ સમજાવો,soil,soil.json
weather forecast for the week,weather,weather.json
पैकिंग,market,market.json
government procurement center,market,market.json
is it safe to spray fungicide today,weather,weather.json
घणी खुशी री बात है,greeting,greeting.json
tractor repair kahan karwayein,machinery,machinery.csv
नमस्ते भाई शुभ प्रभात,greeting,greeting.csv
मेरे खेत में मिट्टी परीक्षण की रिपोर्ट में oc कम है,soil,soil.csv
humidity,weather,weather.json
pest identification,pest,pest.json
मेरे खेत में पिछले साल कपास था अब क्या बोऊं?,crop,crop.csv
राम राम सा मित्र,greeting,greeting.json
म्हारी मिट्टी में ph 8 से ज्यादा है के करूं?,soil,soil.csv
kem cho mitra,greeting,greeting.json
आंधी,weather,weather.json
wheat mein loose smut disease aa gayi hai,disease,disease.csv
check nitrogen level,soil,soil.json
tomorrow weather,weather,weather.json
which mandi gives the best cumin price,market,market.json
आज स्प्रे कर सकते हैं,weather,weather.json
ਮੇਰੀ ਮਿੱਟੀ ਦੀ ਜਾਂਚ ਕਰੋ,soil,soil.json
जीवता रहो,greeting,greeting.json
थारी मेहनत रंग लावै,greeting,greeting.json
will price decrease,market,market.json
पुश नोटिफिकेशन कैसे चालू करें,general,general.csv
"मेरे खेत में काली मिट्टी है, इसमें कौन सी फसल अच्छी होगी?",soil,soil.json
फसल में पानी देने का सबसे सस्ता तरीका कौन सा है,irrigation,irrigation.csv
रोटावेटर की गहराई कितनी रखें,machinery,machinery.csv
भाई म्हारी गेहूं री फसल में पीला रतुआ लाग रयो है,disease,disease.csv
तरल उर्वरक,fertilizer,fertilizer.json
best time to sell,market,market.json
khamma ghani pragati,greeting,greeting.json
मिट्टी का उपचार,soil,soil.json
सल्फर,soil,soil.json
माटी रो moisture report बतावो,soil,soil.json
aap kya kaam karte ho,general,general.csv
आज कूण व्यापारी चोखो भाव देवै,market,market.json
auction,market,market.json
potassium deficiency mein patte ke kinare kyon jalte hain?,soil,soil.csv
నా నేల నివేదిక వివరించండి,soil,soil.json
commodity price,market,market.json
മണ്ണിന്റെ ഫലഭൂയിഷ്ഠത എങ്ങനെ വർധിപ്പിക്കാം,soil,soil.json
soil organic matter,soil,soil.json
म्हारी बाजरा री फसल में डाउनी मिल्ड्यू लाग री है,disease,disease.csv
तौल,market,market.json
मेरे गांव का मौसम अपडेट,weather,weather.json
hi pragati team,greeting,greeting.json
आने वाले दिनों में बाजार का रुझान कैसा रहेगा,market,market.json
सुखी रहजो,greeting,greeting.json
best time to apply fertilizer,fertilizer,fertilizer.json
म्हाने जैविक खाद बतावो,fertilizer,fertilizer.json
माटी खातर सलाह देवो,soil,soil.json
check phosphorus level,soil,soil.json
best tractor brand for small farmers in rajasthan,machinery,machinery.csv
ਮਿੱਟੀ ਨੂੰ ਕਿਵੇਂ ਸੁਧਾਰਿਆ ਜਾਵੇ,soil,soil.json
calcium,soil,soil.json
pest prevention tips,pest,pest.json
थाने दिल सूं नमस्कार,greeting,greeting.json
khet mein paani bhar gaya fasal bachane ka upay batao,emergency,emergency.csv
सरसों के लिए कौन सा हाइब्रिड बीज अच्छा है,seed,seed.csv
म्हारी जमीन में नमी पूरी है के,soil,soil.json
"greetings to all farmers, may your fields always stay green.",greeting,greeting.json
rotavator depth setting kaise karein,machinery,machinery.csv
good morning ji jai hind,greeting,greeting.csv
cloudy,weather,weather.json
नमस्ते जी आज सिंचाई करनी है,greeting,greeting.csv
மண் பரிசோதனை முடிவை சொல்லுங்கள்,soil,soil.json
"नमस्ते जी, आशा है आप ठीक होंगे।",greeting,greeting.json
soil health card,soil,soil.json
soil health card camp kab lagega mere gaon mein,government,government.csv
हरी खाद,fertilizer,fertilizer.json
आज अधिकतम तापमान कितना होगा,weather,weather.json
आज तो मजो आ गयो,greeting,greeting.json
आज ओला पड़सी के,weather,weather.json
ग्रेडिंग,market,market.json
भाव बढ़ण री संभावना है के,market,market.json
m'hari fasal mein kide ki dawai kya hai,pest,pest.csv
कीट नियंत्रण का समय,pest,pest.csv
आज खाद डालनी चाहिए,weather,weather.json
what time is sunrise today,weather,weather.json
जंगली सूअर ने फसल नष्ट कर दी रात को,emergency,emergency.csv
आधार से लॉगिन हो सकता है क्या,general,general.csv
म्हारे खेत में खाद की मात्रा मिट्टी जांच के आधार पर बताओ,fertilizer,fertilizer.csv
खम्मा घणी सरकार,greeting,greeting.json
आवो हुकम,greeting,greeting.json
गर्मी से फसल कैसे बचाएं,weather,weather.json
मुझे मंडी भाव चाहिए,market,market.json
मेरी मूंग की फसल में पत्ती मोड़क रोग है,disease,disease.csv
वंदे मातरम्,greeting,greeting.json
nano urea spray kaise karein aur kitni matra mein?,fertilizer,fertilizer.csv
म्हाने आज रो मौसम बतावो,weather,weather.json
पाली मंडी भाव,market,market.json
कीट से बचाव के उपाय,pest,pest.json
greetings,greeting,greeting.json
soil improvement,soil,soil.json
खत कधी टाकावे,fertilizer,fertilizer.json
flood damaged crop compensation kaise milega,government,government.csv
organic fertilizer,fertilizer,fertilizer.json
कीट का जीवन चक्र,pest,pest.json
एमएसपी किण फसल पर लागू है,market,market.json
hello and welcome to pragati ai.,greeting,greeting.json
pink bollworm emergency in cotton crop please help,emergency,emergency.csv
keet prabandhan,pest,pest.json
कम बारिश में सिंचाई कैसे करें,irrigation,irrigation.csv
government scheme application status check online,government,government.csv
minimum temperature,weather,weather.json
which medicinal crop is profitable in rajasthan?,crop,crop.csv
कीट नाशक दवा,pest,pest.json
ग्वार मंडी भाव,market,market.json
water efficient crops for rajasthan desert area,irrigation,irrigation.csv
अगले 7 दिनों में कौन सा दिन बारिश वाला है,weather,weather.json
will price increase,market,market.json
क्या मेरे खेत की मिट्टी सूखी है,soil,soil.json
बेसल डोज क्या होती है,fertilizer,fertilizer.json
कृषि मौसम,weather,weather.json
soil recommendation report,soil,soil.json
drip irrigation subsidy ke liye apply kaise karein,government,government.csv
म्हारी रेतीली मिट्टी में नमी कैसे बनाए रखूं?,soil,soil.csv
नीलगाय और सूअर ने मिलकर पूरी फसल बर्बाद कर दी,emergency,emergency.csv
बादल,weather,weather.json
म्हारी गेहूं री फसल में लूज स्मट लाग री है के करूं?,disease,disease.csv
आज फेर मिलणा हो गयो,greeting,greeting.json
feels like temperature,weather,weather.json
can i irrigate today,weather,weather.json
म्हारी जमीन सूखी है,soil,soil.json
namaste bhai good morning,greeting,greeting.csv
मक्का बेचनी है,market,market.json
market trend,market,market.json
"म्हारी फसल रो तौल करावणो है, किथे जावूं",market,market.json
kcc loan kaise milega mujhe,government,government.csv
अरहर की खेती कब करनी चाहिए?,crop,crop.csv
मेरे बोरवेल में पानी कम हो गया है,irrigation,irrigation.csv
ସାର କେବେ ଦେବା ଉଚିତ,fertilizer,fertilizer.json
"नमस्कार मित्र, कैसे हो आप?",greeting,greeting.json
have a wonderful day,greeting,greeting.json
पीएम किसान की किस्त कब आती है,government,government.csv
फसल पीली पड़ रही है और मर रही है तुरंत बताओ,emergency,emergency.csv
म्हारी फसल में कौन सी खाद सबसे पहले डालणो चाहिए?,fertilizer,fertilizer.csv
मूंग का भाव इस सीजन में कैसा रहेगा,market,market.csv
pranam dada ji.,greeting,greeting.json
"greetings dear farmer, wishing you bumper production this season.",greeting,greeting.json
मेरी मिट्टी की जांच कैसे करवाऊं?,soil,soil.csv
करणी माता री कृपा रहे,greeting,greeting.json
kya haal hai,greeting,greeting.json
soil report explanation,soil,soil.json
gehu ki aavak aaj mandi mein kitni hai,market,market.csv
soil biodiversity kaise badhayein?,soil,soil.csv
hi agriculture expert,greeting,greeting.json
मेरी जमीन काली मिट्टी की है कौन सी फसल उगाऊं?,crop,crop.csv
heavy rain alert,weather,weather.json
आज किस मंडी में सबसे अच्छी नीलामी हुई,market,market.json
potato price,market,market.json
"namaste pragati ai, mujhe aapse milkar bahut khushi hui.",greeting,greeting.json
आज मंडी की छुट्टी है क्या,market,market.json
कीट सर्वेक्षण,pest,pest.json
ग्वार का उन्नत बीज कौन सा है,seed,seed.csv
मुझे सबसे ज्यादा लाभ देने वाली मंडी बताइए,market,market.json
ट्रैक्टर की बैटरी खराब हो गई है,machinery,machinery.csv
मेरे खेत में पिछले साल तिल था अब क्या बोऊं?,crop,crop.csv
pest attack on my crop,pest,pest.csv
मेरी अरहर में फाइटोफ्थोरा ब्लाइट है,disease,disease.csv
chana mein wilt disease aa gayi hai upay batao,disease,disease.csv
म्हाने आज ही फसल बेचणी है,market,market.json
बीज का अंकुरण परीक्षण कैसे करें,seed,seed.csv
camera se fasal ki jaanch kaise karein,general,general.csv
soil colour se kya pata chalta hai?,soil,soil.csv
analyze soil nutrients,soil,soil.json
15 दिन का मौसम,weather,weather.json
प्रमाणित बीज और साधारण बीज में क्या अंतर है,seed,seed.csv
आज मिट्टी की जांच करनी है,soil,soil.json
what is today's mustard market price,market,market.json
खम्मा घणी हुकम सा,greeting,greeting.json
"good evening everyone, stay blessed.",greeting,greeting.json
आज धनिया का भाव क्या है,market,market.csv
ਮਿੱਟੀ ਦੀ ਉਪਜਾਊ ਸ਼ਕਤੀ ਕਿੰਨੀ ਹੈ,soil,soil.json
hello bhai jai bajrang bali,greeting,greeting.csv
म्हारी माटी में के कमी है,soil,soil.json
pearl millet price,market,market.json
ୟୁରିଆ ବିଷୟରେ କହନ୍ତୁ,fertilizer,fertilizer.json
ਯੂਰੀਆ ਦੱਸੋ,fertilizer,fertilizer.json
क्या आज सरसों की कटाई करनी चाहिए,weather,weather.json
soil analysis,soil,soil.json
मंडी खुली है क्या,market,market.json
उर्वरक कब डालें,fertilizer,fertilizer.json
म्हारी मिट्टी में पानी सोखने की क्षमता कम है,soil,soil.csv
sprinkler se paani dene ka sahi time kya hai,irrigation,irrigation.csv
tell me about this app features,general,general.csv
agricultural recommendation based on soil,soil,soil.json
मिट्टी में पानी,soil,soil.json
give weather based farming advice,weather,weather.json
आज का मंडी रेट बताओ,market,market.json
शुभ संध्या मित्र,greeting,greeting.json
temperature today,weather,weather.json
कीड़ो रो उपाय बतावो,pest,pest.json
फसल बीमा क्लेम रिजेक्ट हो गया क्या करूं,government,government.csv
माटी री पूरी जानकारी देवो,soil,soil.json
hi farmer brother,greeting,greeting.json
सिंचाई के बाद खेत में जुताई करनी चाहिए क्या,irrigation,irrigation.csv
म्हारा घर पधारो,greeting,greeting.json
इस हफ्ते गेहूं का भाव बढ़ा है क्या,market,market.csv
seed drill machine rent per bigha kitna hai,machinery,machinery.csv
jai hind bhai jai shri ram,greeting,greeting.csv
मुझे अपनी फसल के लिए खरीदार चाहिए,market,market.json
मेरी मिट्टी कैसी है,soil,soil.json
आज जोधपुर में गर्मी कितनी है,weather,weather.json
खेत का नक्शा कैसे जोड़ें,general,general.csv
सरसों में माहू नियंत्रण,pest,pest.csv
माती परीक्षणाचा निकाल सांगा,soil,soil.json
vermicompost se soil health kaise improve hoti hai?,soil,soil.csv
म्हाने कीट री दवा बतावो,pest,pest.json
"ram ram sa, thane dekh ke khushi hui.",greeting,greeting.json
"good morning, may your farming season be successful.",greeting,greeting.json
மண் உலர்ந்துள்ளது,soil,soil.json
agriculture weather,weather,weather.json
યુરિયા બતાવો,fertilizer,fertilizer.json
म्हारे खेत री मिट्टी में फास्फोरस री कमी है,soil,soil.csv
क्या आज खाद डालने का सही समय है,weather,weather.json
leaf spray,fertilizer,fertilizer.json
next 10 days weather forecast,weather,weather.json
कद आया सा,greeting,greeting.json
आज हवा की गुणवत्ता कैसी है,weather,weather.json
आज मंडी में आवक कितनी है,market,market.json
weather for farming,weather,weather.json
मेरी फसल बाढ़ में खराब हुई मुआवजा कैसे मिलेगा,government,government.csv
"hi dost, wishing you happiness and prosperity.",greeting,greeting.json
म्हाने soil test करावणो है,soil,soil.json
analyze my soil,soil,soil.json
pranam sabhi annadataon ko.,greeting,greeting.json
बीज अंकुरण कम हो रहा है क्या करूं,seed,seed.csv
મારી જમીનમાં શું કમી છે,soil,soil.json
मिट्टी रिपोर्ट समझाइए,soil,soil.json
phosphorus,soil,soil.json
ram ram pragati team,greeting,greeting.json
आज बिजली गिरने का पूर्वानुमान बताओ,weather,weather.json
आज सवाई माधोपुर का मौसम,weather,weather.json
सूक्ष्म पोषक तत्व,soil,soil.json
कमीशन एजेंट,market,market.json
राम राम सा ताऊ,greeting,greeting.json
"hello everyone, have a nice day.",greeting,greeting.json
म्हाने व्यापारी सूं मिलवाओ,market,market.json
सिंचाई के बाद खाद कब डालें,irrigation,irrigation.csv
namaste ji khamma ghani sa,greeting,greeting.csv
म्हारी मिट्टी में जिंक री कमी है जिंक सल्फेट कितनो डालूं?,fertilizer,fertilizer.csv
looking for crop buyers,market,market.json
light mode kaise enable karein app mein,general,general.csv
weather in kota,weather,weather.json
mandi mein fasal bechne ke liye kaunse documents chahiye,market,market.json
over fertilization ke kya nuksan hote hain?,fertilizer,fertilizer.csv
neelgai ne mera poora khet barbad kar diya,emergency,emergency.csv
एमएसपी,market,market.json
recommended dose,fertilizer,fertilizer.json
म्हाने आज मंडी में सबसे ज्यादा भाव किस फसल का है बतावो,market,market.json
सरकारी बीज भंडार से बीज कैसे खरीदें,seed,seed.csv
how can i improve my soil health,soil,soil.json
खरीद,market,market.json
hi brother,greeting,greeting.json
मिट्टी का ph,soil,soil.json
માટી વિશ્લેષણ સમજાવો,soil,soil.json
when should i top dress my crop,fertilizer,fertilizer.json
kharif mein kaunse keede aate hain,pest,pest.csv
barish ka pani fasal ke liye achha hai kya,weather,weather.csv
seed kharidne ke liye kahan jaana chahiye,seed,seed.csv
आज यूवी घणो रहसी के,weather,weather.json
soil nutrient analysis,soil,soil.json
fasal bima yojana mein premium kitna bharna padta hai,government,government.csv
khamma ghani bhaisa,greeting,greeting.csv
best crop rotation for wheat in rajasthan?,crop,crop.csv
खम्मा घणी मित्र,greeting,greeting.json
ऐप में कितनी भाषाएं उपलब्ध हैं,general,general.csv
"pranam ji, aapko dekhkar bahut accha laga.",greeting,greeting.json
अगले 10 दिनों में सबसे गर्म दिन कौन सा होगा,weather,weather.json
चना बेचना है,market,market.json
वर्षा,weather,weather.json
बीकानेर मंडी भाव,market,market.json
fertilizer subsidy ke liye kya karna padta hai,government,government.csv
haryanvi mein bhi kaam karta hai kya yeh app,general,general.csv
राम राम सा भाई आज बारिश होगी क्या,greeting,greeting.csv
is it a good time to sell cumin,market,market.json
आज कपास का भाव क्या है,market,market.csv
mandi update,market,market.json
म्हाने आज सिंचाई करणी चाहिए के,soil,soil.json
மண்ணில் ஈரப்பதம் எவ்வளவு உள்ளது,soil,soil.json
मेरे खेत में npk 12-32-16 कब डालें?,fertilizer,fertilizer.csv
फसल बेचने का सबसे सही समय कौन सा है,market,market.json
price trend,market,market.json
खम्मा घणी काका,greeting,greeting.json
pest infestation,pest,pest.json
आज अजमेर का मौसम,weather,weather.json
weather based farming advice,weather,weather.json
मजा में हो के,greeting,greeting.json
मेरे खेत में पिछले साल ईसबगोल था अब क्या बोऊं?,crop,crop.csv
सरसों बेचनी है,market,market.json
आज बुवाई करूं,weather,weather.json
जय जोहार,greeting,greeting.json
fertiliser,fertilizer,fertilizer.json
म्हारे खेत में सब कुछ खत्म हो गया मदद करो,emergency,emergency.csv
pranam bhai,greeting,greeting.csv
गेहूं मंडी भाव,market,market.json
सिंचाई के लिए पानी का सही उपयोग कैसे करें,irrigation,irrigation.csv
combine harvester charges per bigha rajasthan mein,machinery,machinery.csv
hi bhai khamma ghani sa,greeting,greeting.csv
थारा बालक मजा में सा,greeting,greeting.json
মাটির রিপোর্ট দেখান,soil,soil.json
म्हारी सरसों में माहू इतना ज्यादा हो गया है कि फसल दिख नहीं रही,emergency,emergency.csv
आज धूल भरी आंधी आएगी क्या,weather,weather.csv
drip irrigation kaise lagaye khet mein,irrigation,irrigation.csv
will it rain today,weather,weather.json
राम राम सा हुकम,greeting,greeting.json
मिट्टी परीक्षण,soil,soil.json
बीज की बुवाई गहराई कितनी होनी चाहिए,seed,seed.csv
नया अकाउंट बनाने में दिक्कत आ रही है,general,general.csv
ओलावृष्टि,weather,weather.json
बीज उपचार के लिए इमिडाक्लोप्रिड कैसे उपयोग करें,seed,seed.csv
copper,soil,soil.json
म्हारी फसल में कीड़ा लाग्यो,pest,pest.json
आज तेज हवा चालसी के,weather,weather.json
मेरी सरसों में पाउडरी मिल्ड्यू हो गई है,disease,disease.csv
uv index,weather,weather.json
जौ की बुवाई का सही समय बताओ,crop,crop.csv
थाने देख घणी खुशी हुई,greeting,greeting.json
khamma ghani bhai jai shri ram,greeting,greeting.csv
hey there,greeting,greeting.csv
cutworm attack on seedlings,pest,pest.csv
soil ec,soil,soil.json
म्हाने जीरो बेचणो है,market,market.json
जड़ें सड़ रही हैं पूरी फसल गिर रही है,emergency,emergency.csv
organic farming mein kaunsi fasal best hai?,crop,crop.csv
does my field need irrigation,soil,soil.json
बीकानेर मंडी में आज काई भाव है,market,market.json
jodhpur weather,weather,weather.json
आज पानी देवूं के,weather,weather.json
"ram ram sa, mhane ghano anand ayo thane dekh ke.",greeting,greeting.json
keede ki pehchaan kaise karein,pest,pest.csv
म्हारी तरफ सूं राम राम,greeting,greeting.json
मेरी फसल में कीड़ा लग गया है क्या करूं?,disease,disease.csv
मूंग की फसल में पानी कब देना है,irrigation,irrigation.csv
warm regards,greeting,greeting.json
पोटाश,fertilizer,fertilizer.json
आज प्याज का मंडी भाव क्या है,market,market.csv
आज खेत जोतूं के,weather,weather.json
खम्मा घणी सा म्हारी बहिण,greeting,greeting.json
namaste bhai gehu ki variety batao,greeting,greeting.csv
मिट्टी रिपोर्ट,soil,soil.json
आज खेत में पानी दूं,weather,weather.json
drip irrigation mein filter kaise saaf karein,irrigation,irrigation.csv
ऐप में अपना खेत कैसे जोड़ें,general,general.csv
namaskar sabhi kisan bhaiyon ko.,greeting,greeting.json
कैल्शियम,soil,soil.json
how hot is it today,weather,weather.json
മണ്ണ് പരിശോധന ഫലം പറയൂ,soil,soil.json
how to protect crops from heavy rain,weather,weather.json
म्हारी फसल में खाद ज्यादा डालने से के नुकसान होसी?,fertilizer,fertilizer.csv
farm machinery loan kaise milega,machinery,machinery.csv
जय श्री हनुमान,greeting,greeting.json
म्हारी माटी री ec कितणी है,soil,soil.json
खरीफ फसल में पानी की जरूरत कब होती है,irrigation,irrigation.csv
म्हारी फसल में खाद कितणी डालूं,fertilizer,fertilizer.json
जय श्री राम,greeting,greeting.json
yesterday mustard price in mandi,market,market.csv
khamma ghani ji namaskar,greeting,greeting.csv
थारा आवण रो इंतजार थो,greeting,greeting.json
मिर्च के पत्तों पर सफेद धब्बे आ गए हैं,disease,disease.csv
मेरी मक्का में चारकोल रॉट रोग है उपाय बताओ,disease,disease.csv
animal attack emergency meri fasal bachao,emergency,emergency.csv
keet nashak dawa,pest,pest.json
म्हारी मिट्टी में ऑर्गेनिक मैटर बढ़ाने के लिए के करूं?,soil,soil.csv
best fertilizer timing for crops,fertilizer,fertilizer.json
ओलावृष्टि से पूरी फसल नष्ट हो गई मुआवजा कैसे मिलेगा,emergency,emergency.csv
hi mitra.,greeting,greeting.json
सर्दी में कोहरा कब तक रहेगा,weather,weather.csv
जीरा का भाव,market,market.json
disease spreading very fast in my field help me now,emergency,emergency.csv
चने की फसल में पानी कितनी बार देना है,irrigation,irrigation.csv
hi madam ji,greeting,greeting.json
"म्हारी मिट्टी में पोटाश री कमी है, के करूं?",soil,soil.json
compost se soil organic matter kaise badhta hai?,soil,soil.csv
check potassium level,soil,soil.json
राजस्थान में ग्रीनहाउस पर सब्सिडी मिलती है क्या,government,government.csv
म्हाने 7 दिन रो मौसम बतावो,weather,weather.json
wrong answer aaya to kaise report karein,general,general.csv
ट्रैक्टर का डीजल ज्यादा खर्च हो रहा है क्यों,machinery,machinery.csv
थांरो भलो होवे,greeting,greeting.json
mite on crop,pest,pest.json
म्हारी माटी रो ph,soil,soil.json
gehu ka certified seed kahan milega,seed,seed.csv
long time friend,greeting,greeting.json
soil structure improve karne ke liye kya karein?,soil,soil.csv
rotavator kaise use karte hain,machinery,machinery.csv
मेरे खेत में मिट्टी की परत सख्त हो गई है,soil,soil.csv
will it rain in the next three days,weather,weather.json
bhindi mein yellow vein mosaic virus hai kya karein?,disease,disease.csv
kaise ho bhai,greeting,greeting.json
बोलकर सवाल पूछने का तरीका बताओ,general,general.csv
pest spray kya karein,pest,pest.csv
fertigation,fertilizer,fertilizer.json
nice to see you,greeting,greeting.json
chat history delete kaise karein,general,general.csv
थारो इंतजार कर रया था,greeting,greeting.json
otp नहीं आ रहा है क्या करूं,general,general.csv
where can i store my produce,market,market.json
today's jaipur mandi rate,market,market.json
jai hind mere kisan bhaiyo.,greeting,greeting.json
neem spray for pest,pest,pest.json
कल मूंग का भाव क्या था,market,market.csv
crop price,market,market.json
कृषि यंत्र मेले में कौन सी मशीनें मिलती हैं,machinery,machinery.csv
राम राम म्हारे भाईसा,greeting,greeting.json
dap,fertilizer,fertilizer.json
आज तापमान कितना रहेगा,weather,weather.json
हार्दिक स्वागत,greeting,greeting.json
next week mandi price,market,market.json
kaunsi fasal mein paani ki bachat hoti hai?,crop,crop.csv
कपास का भाव,market,market.json
भाई म्हारे खेत में कौन सी फसल बोवां जो सूखे में भी हो जावे?,crop,crop.csv
best seed company in india for wheat,seed,seed.csv
आगला हफ्ता भाव किण रहसी,market,market.json
फसल बीमा योजना में ऑनलाइन आवेदन कैसे करें,government,government.csv
pest management in wheat,pest,pest.json
थांरो इंतजार कर रया था,greeting,greeting.json
क्या आज मेरे खेत में बारिश होगी,weather,weather.json
mandi,market,market.json
hello friend ji,greeting,greeting.json
ram ram agrodhan,greeting,greeting.json
manganese sulphate ka dose kya hai?,fertilizer,fertilizer.csv
आवो सा म्हारा भाई,greeting,greeting.json
क्या बिजली गिरने का खतरा है,weather,weather.json
उपज का भाव,market,market.json
इस सीजन में बारिश कम होगी क्या,weather,weather.csv
सुखी रोवो,greeting,greeting.json
चित्तौड़गढ़ मंडी भाव,market,market.json
भाव नीचे आवसी के,market,market.json
pest management in organic farming,pest,pest.csv
pest control spray schedule,pest,pest.csv
greetings farmer,greeting,greeting.json
म्हारा दोस्त पधार गया,greeting,greeting.json
"मेरी फसल में मैग्नीशियम की कमी है, क्या करूं?",fertilizer,fertilizer.json
ਯੂਰੀਆ ਕਿੰਨਾ ਪਾਉਣਾ ਹੈ,fertilizer,fertilizer.json
सुंडी पत्ते खा रही है,pest,pest.csv
lightning forecast,weather,weather.json
bahut din baad mile,greeting,greeting.json
greenhouse subsidy rajasthan apply process,government,government.csv
ਮੈਨੂੰ ਖਾਦ ਚਾਹੀਦੀ ਹੈ,fertilizer,fertilizer.json
rajasthan kisan yojana 2024 list batao,government,government.csv
अगले सात दिनों का मौसम बताइए,weather,weather.json
म्हारी कपास री फसल में npk कद डालणो चाहिए?,fertilizer,fertilizer.csv
profile photo kaise lagayein app mein,general,general.csv
सवाई माधोपुर मंडी में बाजरे का आज का भाव बताइए,market,market.json
म्हारी माटी री रिपोर्ट समझावो,soil,soil.json
थ्रेशर मशीन किराए पर कैसे मिलेगी,machinery,machinery.csv
rain forecast for next 3 days in rajasthan,weather,weather.csv
bikaner mandi moong price today,market,market.csv
"मेरे खेत में मिट्टी बहुत भारी है, जुताई मुश्किल है",soil,soil.json
बाजरा का भाव,market,market.json
आज खेत जाऊं के,weather,weather.json
welcome brother,greeting,greeting.json
आओ हुकम बैठो,greeting,greeting.json
थारा खेत लहराता रहै,greeting,greeting.json
आज मौसम का पूर्वानुमान बताओ,weather,weather.json
पीएम किसान योजना के लिए पात्रता क्या है,government,government.csv
pleasure to meet you,greeting,greeting.json
बारिश कितनी होगी,weather,weather.json
इस हफ्ते गर्मी कितनी रहेगी,weather,weather.csv
खेत में पानी की निकासी कैसे करें,irrigation,irrigation.csv
beej kharidne se pehle kya check karein,seed,seed.csv
पीएम किसान सम्मान निधि में रजिस्ट्रेशन कैसे करें,government,government.csv
yellow rust spreading fast in wheat emergency spray batao,emergency,emergency.csv
बुजुर्गां ने प्रणाम कहजो,greeting,greeting.json
baler machine se straw bale kaise banayein,machinery,machinery.csv
नमस्ते भाई राम राम सा,greeting,greeting.csv
will there be a cold wave today,weather,weather.json
क्या आज बारिश की वजह से दवा नहीं डालनी चाहिए,weather,weather.json
future price prediction,market,market.json
guar price increase hua kya aaj,market,market.csv
म्हाने अनाज बेचणो है,market,market.json
माटी रिपोर्ट पढ़ के बतावो,soil,soil.json
मेरी मक्का में मेडिस लीफ ब्लाइट रोग है,disease,disease.csv
म्हारे इलाके में आज मौसम किण रहसी,weather,weather.json
फसल में वायरस फैल गया है तुरंत दवाई बताओ,emergency,emergency.csv
greetings brother,greeting,greeting.json
jassid attack on cotton,pest,pest.csv
काल मौसम किण रहसी,weather,weather.json
pest attack emergency spray batao,pest,pest.csv
ट्रैक्टर का टायर पंचर हो गया है,machinery,machinery.csv
राजस्थान में नई कृषि योजना 2024 कौन सी है,government,government.csv
टमाटर में drip se paani dena chahiye ya nahi,irrigation,irrigation.csv
अजमेर मंडी रो रेट,market,market.json
dap कब डालें,fertilizer,fertilizer.json
bikaner weather,weather,weather.json
फसल में इल्ली,pest,pest.json
क्या सरकार मेरी फसल खरीदेगी,market,market.json
सरसों का भाव पिछले महीने से कितना बदला,market,market.csv
लेटेस्ट मंडी रेट,market,market.json
new agriculture scheme rajasthan 2024 kya hai,government,government.csv
night weather forecast,weather,weather.json
कद पधार्या सा,greeting,greeting.json
aqi today,weather,weather.json
app mein available languages kaun kaun si hain,general,general.csv
otp nahi aa raha hai kya karein,general,general.csv
खम्मा घणी म्हारा मित्र,greeting,greeting.json
predict tomorrow's mandi prices,market,market.json
मेरी प्याज की फसल में पर्पल ब्लॉच रोग है,disease,disease.csv
मेरे खेत में वर्मीकम्पोस्ट डालने से क्या फायदा होगा?,soil,soil.csv
राम राम जी हुकुम,greeting,greeting.json
soil health card kaise banwayein,government,government.csv
आज हवा की गति कितनी है,weather,weather.csv
cotton mein fusarium wilt disease aa gayi hai,disease,disease.csv
aaj ki humidity kitni hai,weather,weather.csv
आज सरसों का भाव क्या है,market,market.json
सवाई माधोपुर मंडी भाव,market,market.json
ठंड सूं फसल बचावण रो उपाय,weather,weather.json
मेरे खेत में सूखा पड़ गया है फसल बचाओ,emergency,emergency.csv
hailstorm destroyed everything compensation kaise milega,emergency,emergency.csv
आज मौसम साफ रहेगा,weather,weather.json
i want a soil test,soil,soil.json
कद फेर आओला,greeting,greeting.json
app ka menu kahan hai,general,general.csv
बैसो सा,greeting,greeting.json
potash,fertilizer,fertilizer.json
paani dene ke baad fasal mein kya change aata hai,irrigation,irrigation.csv
ग्वार बेचना है,market,market.json
टॉप ड्रेसिंग कब करें,fertilizer,fertilizer.json
म्हारी जमीन री npk रिपोर्ट,soil,soil.json
humidity today,weather,weather.json
"ram ram sa, mhane thane milke ghano anand ayo.",greeting,greeting.json
ಮಣ್ಣಿನ ವರದಿ ತೋರಿಸಿ,soil,soil.json
happy to see you,greeting,greeting.json
kya aaj fungicide spray kar sakte hain,weather,weather.csv
म्हाने आज बेचणो चाहिए के,market,market.json
kaunsi fasal mein sabse kam paani lagta hai?,crop,crop.csv
sawai madhopur weather,weather,weather.json
अगले 7 दिन का मौसम,weather,weather.json
ai kitna accurate hai is app mein,general,general.csv
ईश्वर थारी हर मनोकामना पूरी करे,greeting,greeting.json
म्हारे खेत री मिट्टी में कॉपर री कमी है,soil,soil.csv
कंबाइन हार्वेस्टर का किराया कितना है,machinery,machinery.csv
आंधी आएगी क्या,weather,weather.json
क्या आज खेत में ट्रैक्टर चला सकते हैं,weather,weather.json
compare jaipur and kota mandi prices,market,market.json
నేలలో తేమ ఎంత ఉంది,soil,soil.json
tiddi dal aa gaya,pest,pest.json
बैंगन में सिंचाई का सही तरीका बताओ,irrigation,irrigation.csv
nagaur weather,weather,weather.json
vanakkam,greeting,greeting.csv
latest guar price,market,market.json
cumin price,market,market.json
मेरे खेत में सल्फर खाद कब डालें?,fertilizer,fertilizer.csv
mahu keeda gehu mein,pest,pest.json
भाई म्हारे खेत में कौन सी फसल बोवां जो जैविक खेती में अच्छी हो?,crop,crop.csv
"namaste dost, umeed hai aaj ka din bahut accha ja raha hoga.",greeting,greeting.json
"म्हारी मिट्टी में नाइट्रोजन री कमी है, पत्ते पीले हो रहे हैं",soil,soil.json
ताजा मंडी भाव,market,market.json
howdy,greeting,greeting.csv
show today's rajasthan mandi prices,market,market.json
jassid on cotton,pest,pest.json
मेरी उड़द की फसल में पीला मोजेक वायरस है,disease,disease.csv
आज बिजली गिरने का अलर्ट है क्या,weather,weather.json
मेरे खेत में पिछले साल सोयाबीन था अब क्या बोऊं?,crop,crop.csv
एकीकृत कीट प्रबंधन,pest,pest.csv
क्या अभी बेचने से अच्छा दाम मिलेगा,market,market.json
मेरे खेत में मिट्टी की जांच रिपोर्ट में ec ज्यादा है,soil,soil.csv
organic matter badhane ke liye kya karein?,soil,soil.csv
मेरे खेत में पिछले साल उड़द था अब क्या बोऊं?,crop,crop.csv
basal dose fertilizer kya hota hai?,fertilizer,fertilizer.csv
म्हाने जल्दी खरीदार चाहिए,market,market.json
hello madam,greeting,greeting.json
माटी रो प्रकार,soil,soil.json
hi ji jai hind jai bharat,greeting,greeting.csv
म्हारो आदाब कबूल करो,greeting,greeting.json
थारा घर सब राजी है,greeting,greeting.json
मेरी मूंग में सर्कोस्पोरा पत्ती धब्बा रोग है,disease,disease.csv
म्हारी माटी री रिपोर्ट,soil,soil.json
soil health report,soil,soil.json
soil testing kahan se karwayein rajasthan mein?,soil,soil.csv
assalamualaikum,greeting,greeting.json
लेजर लैंड लेवलर मशीन क्या होती है,machinery,machinery.csv
buy mustard,market,market.json
water logging se fasal kaise bachayein,irrigation,irrigation.csv
मंडी बंद कब होगी,market,market.json
जय बजरंग बली,greeting,greeting.json
आज मंडी में सबसे ज्यादा बिक रही फसल कौन सी है,market,market.json
म्हाने बेचण रो सही समय बतावो,market,market.json
म्हारी उपज किथे बेचूं,market,market.json
मेरी फसल में माइक्रोन्यूट्रिएंट खाद कब डालें?,fertilizer,fertilizer.csv
ram ram pragati,greeting,greeting.json
अगले तीन दिन बारिश होगी क्या,weather,weather.json
मेथी का भाव,market,market.json
aaj ka max temperature kitna hoga,weather,weather.csv
ऐप में साइन अप कैसे करें,general,general.csv
आज मंडी में काई भाव है,market,market.json
बारिश कब रुकेगी,weather,weather.json
kcc ke liye eligibility kya hai,government,government.csv
seed moisture content for storage kitna hona chahiye,seed,seed.csv
फसल कहाँ बेचूँ,market,market.json
किसान क्रेडिट कार्ड की लिमिट कितनी होती है,government,government.csv
play store पर यह ऐप कैसे खोजें,general,general.csv
నేల ph ఎంత ఉంది,soil,soil.json
आज बाजार में क्या भाव है,market,market.json
कोटा मंडी में सोयाबीन का ताजा रेट क्या है,market,market.json
can i sow seeds today,weather,weather.json
is there any chance of hail,weather,weather.json
hello pragati ai,greeting,greeting.json
आज मंडी में रिकॉर्ड आवक हुई क्या,market,market.json
mustard mein sclerotinia stem rot ho gayi hai,disease,disease.csv
என் மண் அறிக்கையை விளக்குங்கள்,soil,soil.json
long time no talk,greeting,greeting.json
suprabhat ji,greeting,greeting.csv
अनाज बेचना है,market,market.json
दिल सूं नमस्कार,greeting,greeting.json
soil sample kaise collect karein testing ke liye?,soil,soil.csv
moisture analysis,soil,soil.json
government yojana ke liye documents kya chahiye,government,government.csv
चना मंडी भाव,market,market.json
मिट्टी में कौन सी खाद डालूं,soil,soil.json
irrigation ke liye government loan kaise milega,irrigation,irrigation.csv
hi bhai jai shri krishna,greeting,greeting.csv
आज कूणसी मंडी में घणो भाव है,market,market.json
मंडी भाव में उतार चढ़ाव क्यों होता है,market,market.csv
waterlogging emergency meri fasal dub rahi hai,emergency,emergency.csv
आज सूरज कद उगसी,weather,weather.json
म्हारे खेत री मिट्टी में जिंक री कमी है के करूं?,soil,soil.csv
आज जयपुर मंडी में गेहूं का भाव क्या है,market,market.json
what's the temperature today,weather,weather.json
माझ्या जमिनीत काय कमतरता आहे,soil,soil.json
आज के मौसम के अनुसार खेती की सलाह दें,weather,weather.json
म्हारे खेत में खाद कम डालने से के होसी?,fertilizer,fertilizer.csv
आज मौसम किण रहसी,weather,weather.json
tractor subsidy rajasthan mein kaise milegi,machinery,machinery.csv
best crop for saline soil in rajasthan?,crop,crop.csv
"मेरे खेत में नाइट्रोजन की कमी है, पत्ते पीले हो रहे हैं",soil,soil.json
मानसून की वापसी कब होगी,weather,weather.csv
मृदा सलाह,soil,soil.json
pesticide dose per acre,pest,pest.csv
insecticide for aphid,pest,pest.csv
मूंग का भाव,market,market.json
कोहरे से फसल कैसे बचाएं,weather,weather.json
मेरे खेत में पिछले साल सूरजमुखी था अब क्या बोऊं?,crop,crop.csv
बीज बोने का सही समय क्या है,seed,seed.csv
rain in my area,weather,weather.json
रासायनिक खाद,fertilizer,fertilizer.json
gps location on kaise karein app ke liye,general,general.csv
भाई म्हारे खेत में कौन सी फसल बोवां जो कम खर्च में ज्यादा पैदावार दे?,crop,crop.csv
नई हाइब्रिड सरसों की किस्म कौन सी है,seed,seed.csv
मेरे खेत में पानी जमा हो जाता है क्या करूं,irrigation,irrigation.csv
सरसों के पत्तों पर काले धब्बे आ गए हैं,disease,disease.csv
शाम को बारिश होगी क्या,weather,weather.json
कल भाव बढ़सी के,market,market.json
today's humidity,weather,weather.json
आज खेत जोतना ठीक रहेगा,weather,weather.json
फेर मिलां हुकुम,greeting,greeting.json
hourly weather,weather,weather.json
थारा घर धन धान्य सूं भरपूर रहै,greeting,greeting.json
म्हारे खेत में नीम कोटेड यूरिया कद डालणो चाहिए?,fertilizer,fertilizer.csv
बीज उपचार कैसे करें बुवाई से पहले,seed,seed.csv
सरकारी योजना का लाभ लेने के लिए क्या करना होगा,government,government.csv
अगले दस दिनों का मौसम कैसा रहेगा,weather,weather.json
electrical conductivity,soil,soil.json
मेरे खेत में पिछले साल मसूर था अब क्या बोऊं?,crop,crop.csv
emergency fertilizer recommendation chahiye abhi,emergency,emergency.csv
government se khet ke liye paisa kaise milega,government,government.csv
सीड ड्रिल मशीन से बुवाई कैसे करें,machinery,machinery.csv
drainage,soil,soil.json
hi mate,greeting,greeting.json
custom hiring centre se machine kaise milegi,machinery,machinery.csv
fasal achanak sukh rahi hai emergency hai,emergency,emergency.csv
खेती के लिए मौसम,weather,weather.json
grading,market,market.json
under irrigation se fasal mein kya problem hoti hai,irrigation,irrigation.csv
fertilizer dose,fertilizer,fertilizer.json
pm kisan eligibility criteria kya hai,government,government.csv
sprayer nozzle band ho gayi hai kaise theek karein,machinery,machinery.csv
what is the weather like tomorrow morning,weather,weather.csv
रोटावेटर की चेन टूट गई है कैसे ठीक करें,machinery,machinery.csv
गर्मी में सब्जियों को दिन में कितनी बार पानी दें,irrigation,irrigation.csv
"म्हारी मिट्टी में ph 8 से ज्यादा है, के करूं?",soil,soil.json
नमस्ते दादा जी,greeting,greeting.csv
namaste ji fasal bima ke baare mein batao,greeting,greeting.csv
ajmer mandi price today,market,market.json
सब्जी मंडी,market,market.json
wet soil,soil,soil.json
khamma ghani bhai mujhe madad chahiye,greeting,greeting.csv
मिट्टी की गुणवत्ता,soil,soil.json
peaceful night,greeting,greeting.json
clay soil mein drainage kaise improve karein?,soil,soil.csv
kal ka mausam spray ke liye sahi rahega kya,weather,weather.csv
आज सरसों बेचने का विचार है,market,market.json
"good evening sir, hope everything is going well.",greeting,greeting.json
cotton mein boll rot ho rahi hai kya karein?,disease,disease.csv
आज फसल बेचण रो सही टाइम है के,market,market.json
मौसम का हाल,weather,weather.json
म्हारी बाजरा री फसल में स्मट रोग लाग री है,disease,disease.csv
कीट हमला तुरंत दवाई बताओ,pest,pest.csv
aaj barish ke baad khet mein jaana chahiye kya,weather,weather.csv
hourly weather update,weather,weather.json
प्रणाम,greeting,greeting.json
तूफान आएगा क्या,weather,weather.json
उर्वरक की मात्रा,fertilizer,fertilizer.json
pm kisan correction kaise karein online,government,government.csv
अजमेर मंडी भाव,market,market.json
गेहूं बोने का सही समय क्या है?,crop,crop.csv
suggest the best mandi for selling my crop,market,market.json
आज भरतपुर का मौसम,weather,weather.json
immediate crop rescue needed please help me now,emergency,emergency.csv
मिर्च में कितने दिन में एक बार पानी देना चाहिए,irrigation,irrigation.csv
कल सुबह का मौसम कैसा रहेगा,weather,weather.json
फल छेदक,pest,pest.json
hi dost,greeting,greeting.json
थारा घर सुख समृद्धि आवै,greeting,greeting.json
whitefly control methods,pest,pest.csv
"good morning everyone, have a great day.",greeting,greeting.json
"मेरे खेत में मिट्टी का कटाव हो रहा है, कैसे रोकूं?",soil,soil.json
मानसून अपडेट,weather,weather.json
tomato ka aaj ka market rate kya hai,market,market.csv
आज पूरे दिन बारिश होगी क्या,weather,weather.json
"good morning, hope you are doing well.",greeting,greeting.json
म्हे फेर मिल्या,greeting,greeting.json
बेलर मशीन से पुआल कैसे बनाएं,machinery,machinery.csv
घणा दिनां पाछै दिख्या,greeting,greeting.json
राधे राधे,greeting,greeting.json
सल्फर कब डालें,fertilizer,fertilizer.json
कपास की बुवाई का सही समय और तरीका बताओ,crop,crop.csv
दलाल,market,market.json
fasal ki tasveer kheenchkar kaise bhejein,general,general.csv
જમીન પરીક્ષણ રિપોર્ટ બતાવો,soil,soil.json
organic pest control,pest,pest.json
आज मंडी में सबसे ज्यादा खरीदी किस फसल की हो रही है,market,market.json
wild boar attacked my crop last night total loss,emergency,emergency.csv
fertility improvement,soil,soil.json
म्हारे गांव में बारिश कद आवसी,weather,weather.json
fasal mein keet ki samasya,pest,pest.json
आज मंडी में सबसे अच्छा रेट किस फसल का चल रयो है,market,market.json
"मेरी मिट्टी का ph बहुत ज्यादा है, कैसे कम करूं?",soil,soil.json
keedo ro upay batavo,pest,pest.json
zinc sulphate,fertilizer,fertilizer.json
उदयपुर मंडी में मक्का का आज का बाजार भाव,market,market.json
आज नीलामी कितने बजे शुरू होगी,market,market.json
आज चूरू का मौसम,weather,weather.json
pest management tips,pest,pest.json
म्हारो राम राम कबूल करो,greeting,greeting.json
कल बेचूं या आज,market,market.json
आज यूवी इंडेक्स कितना है,weather,weather.json
bore well se kitna paani nikal sakta hoon,irrigation,irrigation.csv
weather in bikaner,weather,weather.json
aaj pesticide spray ke liye mausam theek hai kya,weather,weather.csv
म्हाने खेती री सलाह देवो,weather,weather.json
सरकारी खरीद केंद्र कहाँ है,market,market.json
हनुमानगढ़ मंडी भाव,market,market.json
सौंफ की खेती कब और कैसे करें?,crop,crop.csv
soil health analysis,soil,soil.json
झालावाड़ मंडी में लहसुन का ताजा रेट,market,market.json
is today suitable for harvesting,weather,weather.json
rajasthan agriculture department schemes 2024,government,government.csv
when should i sell my harvest,market,market.json
कपास में पानी देने का सही तरीका क्या है,irrigation,irrigation.csv
sos meri fasal mar rahi hai,emergency,emergency.csv
aaj aasman saaf hai ya badal hai,weather,weather.csv
আমার মাটির রিপোর্ট বুঝিয়ে দিন,soil,soil.json
મારે ખાતર જોઈએ,fertilizer,fertilizer.json
jai hind jai bharat,greeting,greeting.csv
rice mein sheath blight disease ho gayi hai,disease,disease.csv
good afternoon bhai khet ka kya haal hai,greeting,greeting.csv
best fertilizer for farming,fertilizer,fertilizer.json
hello sir good morning,greeting,greeting.csv
धूप,weather,weather.json
ram ram bhai aaj khet mein kya karein,greeting,greeting.csv
भाई म्हारी मक्का री फसल में तना सड़न लाग री है,disease,disease.csv
राम राम भाई,greeting,greeting.json
मेरे खेत में दोमट मिट्टी है कौन सी फसल उगाऊं?,crop,crop.csv
आज मंडी में सबसे ज्यादा मांग किस फसल की है,market,market.json
pranam ji,greeting,greeting.json
आज नागौर का मौसम,weather,weather.json
crop buying,market,market.json
farming recommendations based on weather,weather,weather.json
weather forecast for the next 5 days,weather,weather.json
म्हाने मार्केट री सलाह देवो,market,market.json
hello boss,greeting,greeting.json
seed storage ka sahi tarika kya hai,seed,seed.csv
disease photo kaise bhejein ai ko,general,general.csv
crop pest problem,pest,pest.json
फसल में कीट की पहचान कैसे करें,pest,pest.csv
मौसम बदलने से फसल पर क्या असर होता है,weather,weather.csv
म्हारी जमीन उपजाऊ किण बनाऊं,soil,soil.json
ମୋ ମାଟିରେ କେଉଁ ପୋଷକ କମ,soil,soil.json
hey friend,greeting,greeting.json
धान की रोपाई के बाद कितना पानी दें,irrigation,irrigation.csv
मेरे खेत में मिट्टी की जांच के लिए कहां जाऊं?,soil,soil.csv
ओले पड़ेंगे क्या,weather,weather.json
namaskar ji kaise hain aap,greeting,greeting.csv
चिकनी मिट्टी,soil,soil.json
आवो जी आवो,greeting,greeting.json
मूंगफली की जड़ें सड़ रही हैं कौन सी दवाई डालूं?,disease,disease.csv
ਮੈਨੂੰ ਖਾਦ ਕਦੋਂ ਪਾਉਣੀ ਚਾਹੀਦੀ ਹੈ,fertilizer,fertilizer.json
wind speed today,weather,weather.json
"sandy soil mein paani jaldi nikal jaata hai, kya karein?",soil,soil.json
धनिया का बीज कब बोएं,seed,seed.csv
आज का तापमान,weather,weather.json
कपास में सफेद मक्खी का हमला,pest,pest.csv
म्हारे खेत में फर्टिगेशन से कौन सी खाद दे सकते हैं?,fertilizer,fertilizer.csv
जय श्री कृष्ण,greeting,greeting.json
mhane ghano anand ayo thane dekh ne.,greeting,greeting.json
માટી ભીની છે,soil,soil.json
मिट्टी का रंग,soil,soil.json
पावर टिलर और ट्रैक्टर में क्या फर्क है,machinery,machinery.csv
ऐप में राजस्थानी भाषा कैसे चुनें,general,general.csv
रबी में कौन से कीड़े आते हैं,pest,pest.csv
मानसून कद आवसी,weather,weather.json
आज तूफान का अलर्ट है क्या,weather,weather.json
weather in my village,weather,weather.json
घंटा घंटा रो मौसम बतावो,weather,weather.json
राम राम काका,greeting,greeting.csv
आज मंडी में सबसे ज्यादा भाव किस फसल का चल रयो है,market,market.json
mandi news,market,market.json
green manure se soil fertility kaise badhti hai?,soil,soil.csv
multi crop thresher kya hota hai aur kaise use karein,machinery,machinery.csv
म्हारे खेत री मिट्टी में पानी रुकता नहीं है,soil,soil.csv
soil color,soil,soil.json
अगले सप्ताह मौसम कैसा रहेगा,weather,weather.json
gehu ki buwai ka sahi samay kab hai,seed,seed.csv
suggest the best fertilizer,fertilizer,fertilizer.json
मेरी मिट्टी में ऑर्गेनिक कार्बन कितना है,soil,soil.json
मल्टी क्रॉप थ्रेशर क्या होता है,machinery,machinery.csv
म्हारे खेत री मिट्टी में लवणता ज्यादा है के करूं?,soil,soil.csv
where can i buy wheat,market,market.json
ऐप का मेनू कैसे खोलें,general,general.csv
micronutrient deficiency kaise pahchanen aur theek karein?,soil,soil.csv
राम राम किसान भाई,greeting,greeting.json
पोटाश कब डालें,fertilizer,fertilizer.json
नहर से खेत तक पानी कैसे लाएं,irrigation,irrigation.csv
बैसो हुकुम,greeting,greeting.json
sprinkler set subsidy rajasthan apply kaise karein,government,government.csv
hi bhai pranam ji,greeting,greeting.csv
what is the humidity today,weather,weather.json
weather in my area,weather,weather.json
borewell ka paani khaara hai kya use kar sakte hain,irrigation,irrigation.csv
cotton mein fertilizer schedule kya hona chahiye?,fertilizer,fertilizer.csv
soil type,soil,soil.json
kota mandi bhav today,market,market.json
कस्टम हायरिंग सेंटर क्या होता है,machinery,machinery.csv
दिल सूं प्रणाम,greeting,greeting.json
मंडी में फसल बेचने का तरीका क्या है,market,market.csv
कपास में बॉलवर्म,pest,pest.json
नमी,weather,weather.json
sulphur fertilizer kab dena chahiye aur kitna?,fertilizer,fertilizer.csv
तेज हवा से फसल कैसे बचाएं,weather,weather.json
என் மண்ணை பரிசோதிக்கவும்,soil,soil.json
yellow mosaic virus spreading in moong emergency help,emergency,emergency.csv
आज कूणसी मंडी में जावणो ठीक रहसी,market,market.json
इसबगोल का भाव,market,market.json
किसान क्रेडिट कार्ड से कितना लोन मिलता है,government,government.csv
মাটির ph কত,soil,soil.json
दौसा मंडी भाव,market,market.json
रिपोर्ट पढ़कर बताओ,soil,soil.json
मौसम के हिसाब से सिंचाई कब करें,weather,weather.csv
मंडी में फसल बेचने पर कमीशन कितना लगता है,market,market.csv
crop protection from hail,weather,weather.json
thresher se gehu nikalne ka tarika kya hai,machinery,machinery.csv
झालावाड़ मंडी भाव,market,market.json
टमाटर का बीज कहां से खरीदें,seed,seed.csv
reaper machine se fasal katai kaise karein,machinery,machinery.csv
सबसूं बढ़िया मंडी कूणसी है,market,market.json
मेरी जानकारी किसके साथ शेयर होती है,general,general.csv
is mahine mein kitni barish hogi,weather,weather.csv
रिपोर्ट समझाओ,soil,soil.json
market quality,market,market.json
मला खत हवे आहे,fertilizer,fertilizer.json
fertilizer deficiency symptoms kya hote hain?,fertilizer,fertilizer.csv
क्या आज तेज आंधी आएगी,weather,weather.json
कल्टीवेटर से खेत जोतने का तरीका बताओ,machinery,machinery.csv
कृषि यंत्र पर सब्सिडी कैसे मिलती है,government,government.csv
wind speed,weather,weather.json
म्हारे खेत री मिट्टी में सोडियम ज्यादा है,soil,soil.csv
"म्हाने मंडी में फसल बेचणी है, किण व्यापारी सूं मिलूं",market,market.json
pm kisan mobile number update kaise karein,government,government.csv
मूंग की खेती कब और कैसे करें?,crop,crop.csv
grasshopper attack,pest,pest.json
सादर प्रणाम,greeting,greeting.json
आज आर्द्रता कितनी है,weather,weather.json
मजा में हो हुकुम,greeting,greeting.json
आज बाजरा किस भाव बिक रहा है,market,market.json
मेरी सोयाबीन में फाइटोफ्थोरा रूट रॉट है,disease,disease.csv
what time is sunset today,weather,weather.json
ईश्वर थारी रक्षा करे,greeting,greeting.json
economic threshold level,pest,pest.json
म्हारी माटी खातर कूणसी फसल ठीक रहसी,soil,soil.json
बाजरे में सिंचाई का सही समय क्या है,irrigation,irrigation.csv
soil water,soil,soil.json
मेरे खेत में आग लगी है फसल जल रही है,emergency,emergency.csv
best time to sell sarson in mandi,market,market.csv
सरकारी बीज पर सब्सिडी कैसे मिलती है,government,government.csv
agriculture advisory,weather,weather.json
के बात सा,greeting,greeting.json
नमस्ते भाई खेत कैसा है,greeting,greeting.csv
गेहूं बेचना है,market,market.json
मेरे जिले का मौसम बताइए,weather,weather.json
मेरी गेहूं में ब्राउन रस्ट रोग आ गया है,disease,disease.csv
आज बिजली कड़कसी के,weather,weather.json
"namaste ji, aapka swagat hai hamare ai assistant mein.",greeting,greeting.json
उड़द बेचनी है,market,market.json
jai shri ram bhai sarson ki baat karni thi,greeting,greeting.csv
आज बादल छाए रहेंगे क्या,weather,weather.csv
बच्चां ने प्यार देजो,greeting,greeting.json
kharif season ke liye best seeds kaunse hain,seed,seed.csv
बूंदी मंडी भाव,market,market.json
horticulture subsidy rajasthan mein kaise milegi,government,government.csv
फसल में फंगस इतनी तेजी से फैल रही है कि रोक नहीं पा रहा,emergency,emergency.csv
आज दोपहर रो तापमान,weather,weather.json
greetings madam,greeting,greeting.json
मेरे टमाटर में फ्यूजेरियम विल्ट आ गई है,disease,disease.csv
सबसे ज्यादा बोली कहाँ लगी,market,market.json
water holding capacity,soil,soil.json
उपज रो भाव,market,market.json
buy crop,market,market.json
heat wave alert hai kya mere area mein,weather,weather.csv
आज का रेट,market,market.json
"म्हारे खेत री मिट्टी में जिंक री कमी है, के करूं?",soil,soil.json
म्हाने कद बेचणो ठीक रहसी,market,market.json
म्हारी माटी में नमी कितणी है,soil,soil.json
आज बिजली गिरने का खतरा है क्या,weather,weather.csv
rain alert,weather,weather.json
cold wave,weather,weather.json
मेरी मूंगफली में एस्परजिलस क्राउन रॉट है,disease,disease.csv
solar pump yojana rajasthan mein kaise milega,government,government.csv
is msp available for this crop,market,market.json
राजस्थान कृषि विभाग की योजनाओं की जानकारी दो,government,government.csv
थूं मजा में लागे,greeting,greeting.json
"मेरे खेत में मिट्टी में पानी जमा रहता है, क्या करूं?",soil,soil.json
pink bollworm in cotton,pest,pest.csv
कल का बाजार भाव,market,market.json
"hello pragati ai, it's always nice talking to you.",greeting,greeting.json
आवो चाय पीवो,greeting,greeting.json
pmfby online registration process kya hai,government,government.csv
battery sprayer vs petrol sprayer kaunsa better hai,machinery,machinery.csv
mealy bug attack,pest,pest.csv
hi pragati ai aaj kya kaam aayega,greeting,greeting.csv
अपनी राय कैसे दें इस ऐप के बारे में,general,general.csv
राम राम ताऊ जी,greeting,greeting.csv
सरकारी सब्सिडी पर स्प्रिंकलर सेट कैसे मिलेगा,government,government.csv
म्हारी गेहूं री फसल में खाद री मात्रा बताओ,fertilizer,fertilizer.csv
पधारो म्हारे दोस्त,greeting,greeting.json
namaste pragati assistant,greeting,greeting.json
micronutrients,soil,soil.json
coldwave advisory,weather,weather.json
मेरी मिट्टी के अनुसार कौन सी खाद डालूँ,soil,soil.json
राजस्थान में पानी की कमी में खेती कैसे करें,irrigation,irrigation.csv
डीएपी कद डालूं,fertilizer,fertilizer.json
മണ്ണിന്റെ ph എത്രയാണ്,soil,soil.json
मेरी फसल में मैग्नीशियम की कमी है क्या करूं?,fertilizer,fertilizer.csv
घर बार ठीक ठाक सा,greeting,greeting.json
बीज बैंक क्या होता है,seed,seed.csv
groundnut mein stem rot disease ka attack hai,disease,disease.csv
over irrigation se mitti kharab hoti hai kya,irrigation,irrigation.csv
किसान क्रेडिट कार्ड बनवाने में कितना समय लगता है,government,government.csv
मंडी में भाव गिर रहा है क्या इस हफ्ते,market,market.csv
बाजरा मंडी भाव,market,market.json
आज मक्का का रेट क्या है,market,market.csv
certified seed aur normal seed mein kya difference hai,seed,seed.csv
namaste ji,greeting,greeting.json
मेरे टमाटर में बैक्टीरियल विल्ट आ गई है,disease,disease.csv
कीड़े की पहचान कैसे करें,pest,pest.csv
क्या आज सिंचाई करना सही रहेगा,weather,weather.json
minimum support price,market,market.json
आज बारिश आवसी के,weather,weather.json
jeera seed best variety rajasthan mein,seed,seed.csv
म्हारे खेत में आलू के लिए खाद की मात्रा बताओ,fertilizer,fertilizer.csv
थाने देख मन राजी हो गयो,greeting,greeting.json
मिट्टी की जांच का परिणाम,soil,soil.json
कल सरसों का भाव क्या था मंडी में,market,market.csv
fennel price,market,market.json
ram ram bhai,greeting,greeting.json
gehu ka beej kitne saal tak store kar sakte hain,seed,seed.csv
लहसुन का भाव,market,market.json
आज गर्मी घणी रहसी के,weather,weather.json
kide ka naam batao,pest,pest.csv
cold storage,market,market.json
hello mate,greeting,greeting.json
analyze my soil and give recommendations,soil,soil.json
अगर आज तेज हवा चले तो क्या दवा का छिड़काव करूं,weather,weather.json
प्रणाम हुकम,greeting,greeting.json
"khamma ghani sa, mhane ghani khushi hui thane dekh ne.",greeting,greeting.json
npk deficiency ke symptoms kya hote hain?,soil,soil.csv
chana mein botrytis grey mold disease hai,disease,disease.csv
कल का मौसम,weather,weather.json
today's jodhpur mandi price,market,market.json
moong seed sowing time rajasthan mein kab hai,seed,seed.csv
wheat mein flag smut disease aa gayi hai,disease,disease.csv
कैमरे से फसल की जांच कैसे करें,general,general.csv
crop safety in bad weather,weather,weather.json
मेरे खेत में मिट्टी में सूक्ष्म जीवाणु कैसे बढ़ाऊं?,soil,soil.csv
मेरे बैंगन के पत्तों पर भूरे धब्बे हैं,disease,disease.csv
मेरे खेत में पिछले साल धनिया था अब क्या बोऊं?,crop,crop.csv
khamma ghani sa,greeting,greeting.json
khamma ghani dada sa.,greeting,greeting.json
काल बारिश होसी के,weather,weather.json
पीला चिपचिपा जाल,pest,pest.json
नमस्ते सरकार,greeting,greeting.json
मेरी मिट्टी के अनुसार कौन सी खेती करूँ,soil,soil.json
tomato mein mosaic virus ke symptoms dikh rahe hain,disease,disease.csv
आज श्रीगंगानगर का मौसम,weather,weather.json
चना खरीदना है,market,market.json
weekly weather report,weather,weather.json
app ka naya version kab aayega,general,general.csv
थारी फसल लहरावै,greeting,greeting.json
nice to meet you,greeting,greeting.json
मौसम खराब रहेगा क्या,weather,weather.json
भाई म्हारे बाजरे में हरित बाली रोग आ गयो है,disease,disease.csv
hello farmer,greeting,greeting.json
potash fertilizer kab aur kitna dena chahiye?,fertilizer,fertilizer.csv
कीट नियंत्रण कैसे करें,pest,pest.json
aaj spray karna sahi rahega ya nahi mausam ke hisab se,weather,weather.csv
बीज की नमी कितनी होनी चाहिए भंडारण के लिए,seed,seed.csv
बरसात,weather,weather.json
ମାଟି ପରୀକ୍ଷା ଫଳାଫଳ କହନ୍ତୁ,soil,soil.json
म्हारा किसान भाई पधार गया,greeting,greeting.json
आज घणी खुशी हुई थाने देख,greeting,greeting.json
"good evening, hope your day was wonderful.",greeting,greeting.json
भाव पता करना है,market,market.json
मेरे खेत की मिट्टी का प्रकार बताइए,soil,soil.json
जल धारण क्षमता,soil,soil.json
ram ram sa,greeting,greeting.json
जय मां भवानी,greeting,greeting.json
மண்ணை வளமாக மாற்றுவது எப்படி,soil,soil.json
weather forecast,weather,weather.json
म्हारे खेत री मिट्टी में बोरोन री कमी है,soil,soil.csv
thane khamma ghani.,greeting,greeting.json
"ram ram sa, thari yaad aagi.",greeting,greeting.json
will there be a heat wave today,weather,weather.json
tractor loan kaise milega bank se,machinery,machinery.csv
श्रीगंगानगर मंडी में गेहूं का रेट,market,market.json
मेरे खेत में sop खाद कब और कितना डालें?,fertilizer,fertilizer.csv
cotton mein leaf curl virus ka attack hai,disease,disease.csv
आज भाग खुल गया,greeting,greeting.json
weather safety tips,weather,weather.json
कीट से नुकसान,pest,pest.json
म्हारी फसल में सल्फर री कमी है के डालूं?,fertilizer,fertilizer.csv
pranam bharat ke annadataon ko.,greeting,greeting.json
म्हारी फसल में गोबर खाद कद डालणो चाहिए?,fertilizer,fertilizer.csv
उर्वरक,fertilizer,fertilizer.json
সার কখন দিতে হবে,fertilizer,fertilizer.json
गेहूं में यूरिया कब और कितना डालें?,fertilizer,fertilizer.csv
बारिश सूं फसल बचावण री सलाह,weather,weather.json
यूरिया कब डालें,fertilizer,fertilizer.json
keede lag gaye fasal mein,pest,pest.json
আমার মাটিতে কী ঘাটতি আছে,soil,soil.json
थारे घर सब राजी खुशी सा,greeting,greeting.json
cotton price today in rajasthan mandi,market,market.csv
best mandi to sell mustard today,market,market.json
ग्रीष्मकाल में सब्जियों को कितना पानी चाहिए,irrigation,irrigation.csv
आज बादल रहेंगे क्या,weather,weather.json
राजस्थान में बागवानी पर सब्सिडी मिलती है क्या,government,government.csv
सीड ड्रिल मशीन का किराया कितना है,machinery,machinery.csv
maize price,market,market.json
कीड़े की दवाई बताओ,pest,pest.csv
आज बीकानेर का मौसम,weather,weather.json
लू चलने से फसल को कैसे बचाएं,weather,weather.csv
म्हारे खेत में पानी नहीं है फसल मर जाएगी,emergency,emergency.csv
थाने मिलके दिल खुश हो गयो,greeting,greeting.json
माहू कीट गेहूं में,pest,pest.json
aaj kitni thand hai bahar,weather,weather.csv
मेरे खेत में मैंगनीज सल्फेट कब और कितना डालें?,fertilizer,fertilizer.csv
മണ്ണ് പരിശോധന റിപ്പോർട്ട് കാണിക്കൂ,soil,soil.json
soil health card mein kya kya jankari hoti hai,government,government.csv
म्हाने खाद चाहिए,fertilizer,fertilizer.json
मिट्टी सख्त है,soil,soil.json
सिंचाई के लिए नहर का पानी कब आएगा,irrigation,irrigation.csv
इस ऐप से खेती में कितना फायदा होगा,general,general.csv
म्हारी फसल रो भाव,market,market.json
आज रो मौसम मेरी फसल खातर फायदेमंद है के,weather,weather.json
kide ki dawai batao,pest,pest.csv
सोयाबीन में फली छेदक,pest,pest.csv
खम्मा घणी सा राम राम,greeting,greeting.csv
ram ram mitra,greeting,greeting.json
मिट्टी में कौन से पोषक तत्व कम हैं,soil,soil.json
split application,fertilizer,fertilizer.json
बीमारी बहुत तेजी से फैल रही है पूरे खेत में,emergency,emergency.csv
आंधी आने पर क्या करें,weather,weather.json
जय श्री राम भाई,greeting,greeting.json
कोहरा,weather,weather.json
पीएम किसान में मोबाइल नंबर कैसे बदलें,government,government.csv
organic carbon,soil,soil.json
थाने देख घणो आनंद आयो,greeting,greeting.json
जीरे का भाव आगे बढ़ेगा या नहीं,market,market.json
sunrise time,weather,weather.json
म्हारी उपज रो सौदो करावो,market,market.json
sawai madhopur mandi rate,market,market.json
"म्हाने थारी सलाह चाहिए, फसल कहाँ बेचूँ",market,market.json
calcium nitrate fertilizer kab dena chahiye?,fertilizer,fertilizer.csv
aaj wind chill kitna hai,weather,weather.csv
आज किस मंडी में रेट ज्यादा है,market,market.json
soybean ki kheti kab karni chahiye?,crop,crop.csv
राम राम जी शुभ प्रभात,greeting,greeting.csv
बोरवेल बंद हो गया फसल को पानी नहीं मिल रहा,emergency,emergency.csv
पत्ती सुरंगक कीड़ा,pest,pest.csv
खम्मा घणी सा,greeting,greeting.json
बैसो बैसो सा,greeting,greeting.json
म्हारा खेत री मिट्टी,soil,soil.json
jai hind bhai khamma ghani,greeting,greeting.csv
खम्मा घणी हुकम जी,greeting,greeting.json
namaste bhai,greeting,greeting.json
गेहूं की नई किस्म कौन सी है 2024 में,seed,seed.csv
मेरे खेत में मिट्टी का कटाव हो रहा है कैसे रोकूं?,soil,soil.csv
आज रात रो मौसम,weather,weather.json
chilli mein bacterial wilt ho gayi hai upay batao,disease,disease.csv
tell me today's wheat price,market,market.json
"hello brother, nice to meet you again.",greeting,greeting.json
aphid on wheat crop,pest,pest.json
नमस्ते किसान भाई,greeting,greeting.json
आज गर्मी का अलर्ट है क्या,weather,weather.json
आज सूर्यास्त कितने बजे होगा,weather,weather.json
म्हारे गांव में हवा तेज चालसी के,weather,weather.json
hello bhai good afternoon kaise ho,greeting,greeting.csv
scale insect,pest,pest.json
म्हाने आज खेत में काम करनो है,weather,weather.json
moong dal ka aaj ka rate batao,market,market.csv
कस्सा हो सा,greeting,greeting.json
सरसों का msp 2024-25 में कितना है,market,market.csv
namaskar farmer,greeting,greeting.json
कीट नियंत्रण के लिए छिड़काव का समय,pest,pest.csv
aaj subah ka temperature kitna tha,weather,weather.csv
soil report,soil,soil.json
"hello bhai, have a productive day.",greeting,greeting.json
integrated pest management,pest,pest.csv
lightning struck my field and fire started emergency,emergency,emergency.csv
मेरी फसल में नीम कोटेड यूरिया का क्या फायदा है?,fertilizer,fertilizer.csv
need a buyer for my crop,market,market.json
आज गर्मी का पूर्वानुमान बताओ,weather,weather.json
thunderstorm forecast,weather,weather.json
buy wheat,market,market.json
आज हनुमानगढ़ का मौसम,weather,weather.json
मिट्टी में पानी की कमी है क्या,soil,soil.json
how to protect crops from hailstorm,weather,weather.json
जय श्री सीताराम,greeting,greeting.json
soil test report app mein kaise dekhein,general,general.csv
good evening,greeting,greeting.json
"welcome to pragati ai, your farming companion.",greeting,greeting.json
jai shri ram bhai good morning,greeting,greeting.csv
भाई म्हारे खेत में कौन सी औषधीय फसल बोवां?,crop,crop.csv
नीलगाय ने पूरा खेत उजाड़ दिया,emergency,emergency.csv
tractor clutch kharab ho gaya hai kya karein,machinery,machinery.csv
నా నేల నివేదిక చూపించండి,soil,soil.json
आंधी आवे तो के करूं,weather,weather.json
आज थाने देख मजो आ गयो,greeting,greeting.json
मेरे क्षेत्र का मौसम कैसा रहेगा,weather,weather.json
"pranam kisan bhai, bhagwan aapke parivar ne sada khush rakhe.",greeting,greeting.json
म्हाने उर्वरक बतावो,fertilizer,fertilizer.json
साप्ताहिक मौसम,weather,weather.json
keet se fasal kharab ho rahi hai,pest,pest.json
యూరియా గురించి చెప్పండి,fertilizer,fertilizer.json
good morning sir,greeting,greeting.json
जय राधे कृष्ण,greeting,greeting.json
आज अजमेर मंडी में सरसों का रेट,market,market.csv
मूंगफली का बीज कहां से मिलेगा,seed,seed.csv
माती सुधारण्यासाठी काय करावे,soil,soil.json
आज उदयपुर मंडी में टमाटर का भाव,market,market.json
आज रो उपज भाव,market,market.json
शुभ दिन,greeting,greeting.json
म्हारी सोयाबीन री फसल में dap कितनो डालूं?,fertilizer,fertilizer.csv
खेत में आग लग गई है अभी,emergency,emergency.csv
i want to sell my mustard crop,market,market.json
ऐप में बग रिपोर्ट कैसे करें,general,general.csv
pest attack bahut zyada ho gaya hai turant spray batao,emergency,emergency.csv
soil drainage,soil,soil.json
फसल में कीड़े की पहचान,pest,pest.json
आज कितना तापमान है,weather,weather.json
मेरे खेत में पानी की लाइन नहीं है क्या करूं,irrigation,irrigation.csv
weather in jaipur,weather,weather.json
सदा हंसता रहजो,greeting,greeting.json
will market prices rise next week,market,market.json
apni fasal ka sahi rate kaise pata karein,market,market.csv
power weeder kya hota hai aur kaise use karein,machinery,machinery.csv
evening weather,weather,weather.json
फसल में कीट की समस्या,pest,pest.json
म्हारी कपास री फसल में गुलाबी सुंडी लाग री है,disease,disease.csv
हेल्पलाइन नंबर क्या है,general,general.csv
टिड्डी झुंड,pest,pest.json
can i irrigate my field today,weather,weather.json
stem borer in rice,pest,pest.json
प्याज का बीज कब बोना चाहिए,seed,seed.csv
मक्का की बुवाई का सही समय क्या है?,crop,crop.csv
मेरे खेत में पानी की कमी है क्या करूं,irrigation,irrigation.csv
लाख लाख राम राम,greeting,greeting.json
क्या आज ओले गिरने की संभावना है,weather,weather.json
आज रात का तापमान कितना रहेगा,weather,weather.json
kcc se khad aur beej kharid sakte hain kya,government,government.csv
keet se fasal bachao,pest,pest.json
pranam sabhi kisan bhaiyon ko.,greeting,greeting.json
मेरे खेत में टमाटर की फसल में फंगस लग गई है,disease,disease.csv
ई मंडी,market,market.json
how are you,greeting,greeting.json
इस महीने कितनी बारिश होगी,weather,weather.csv
म्हारे खेत री मिट्टी चिकनी है पाणी नहीं सोखती,soil,soil.csv
sprinkler irrigation ke liye kitna pressure chahiye,irrigation,irrigation.csv
गेहूं में पानी कब देना चाहिए,irrigation,irrigation.csv
clay soil,soil,soil.json
मिट्टी सुधार,soil,soil.json
आज सबसे ज्यादा भाव किस मंडी में है,market,market.json
is saal sardi jaldi aayegi kya,weather,weather.csv
namaste pragati,greeting,greeting.json
आज खरीददार मिलेंगे क्या,market,market.json
storm,weather,weather.json
மண்ணின் ph என்ன,soil,soil.json
आज फेर बात हो गई,greeting,greeting.json
बलुई मिट्टी,soil,soil.json
म्हारे खेत री मिट्टी में लाइम डालने से के होसी?,soil,soil.csv
weather near me,weather,weather.json
बारिश के बाद खाद डालना सही है क्या,weather,weather.csv
suggest fertilizer based on my soil,soil,soil.json
सरकारी खरीद चालू है के,market,market.json
जीरे का सबसे अच्छा बीज कौन सा है,seed,seed.csv
टमाटर की पूरी फसल में लेट ब्लाइट फैल गई है,emergency,emergency.csv
will it rain this week,weather,weather.json
फसल में पानी देने का सही तरीका क्या है,irrigation,irrigation.csv
मेरे खेत में खाद डालने का सही तरीका क्या है?,fertilizer,fertilizer.csv
agriculture market,market,market.json
जैविक बीज कहां से मिलेगा,seed,seed.csv
म्हारी फसल में कैल्शियम नाइट्रेट कद डालणो चाहिए?,fertilizer,fertilizer.csv
सोयाबीन का बीज कहां से मिलेगा,seed,seed.csv
म्हारी फसल में अचानक सब पत्ते पीले हो गए,emergency,emergency.csv
म्हाने जोधपुर मंडी रो रेट बतावो,market,market.json
explain my complete soil report,soil,soil.json
खेती के लिए कौन सा ट्रैक्टर अच्छा है,machinery,machinery.csv
हर हर महादेव,greeting,greeting.json
क्या कल गेहूं का भाव बढ़ेगा,market,market.json
बाजार रेट,market,market.json
घणी मेहरबानी पधार्या,greeting,greeting.json
मेरे खेत में खाद की अधिक मात्रा से क्या नुकसान होता है?,fertilizer,fertilizer.csv
ମାଟିକୁ କିପରି ଉର୍ବର କରିବି,soil,soil.json
आज मंडी में गेहूं का भाव क्या है,market,market.csv
आज मौसम के अनुसार कृषि सलाह दीजिए,weather,weather.json
पाणी पीलो सा,greeting,greeting.json
मंडी भाव ऑनलाइन कैसे देखें,market,market.csv
"hello pragati ai, how are you today?",greeting,greeting.json
आज आंधी का पूर्वानुमान बताओ,weather,weather.json
market,market,market.json
hello brother,greeting,greeting.json
गर्मी सूं फसल किण बचावूं,weather,weather.json
भंडारण कहाँ करूँ,market,market.json
market price,market,market.json
बारिश में कौन सी सावधानी रखें,weather,weather.json
म्हाने गोदाम रो पता बतावो,market,market.json
namaste sir ji,greeting,greeting.json
म्हारी माटी ने ठीक किण करूं,soil,soil.json
म्हारी जमीन री जांच,soil,soil.json
किस दिन तेज हवा चलने की संभावना है,weather,weather.json
ఎరువును ఎప్పుడు వేయాలి,fertilizer,fertilizer.json
म्हारी फसल में कल से अचानक पत्ते मुड़ने लगे हैं,emergency,emergency.csv
बिना इंटरनेट के ऐप चलेगा क्या,general,general.csv
ठंड कब से शुरू होगी इस साल,weather,weather.csv
soil test report,soil,soil.json
म्हारी फसल में dap कद डालणो चाहिए?,fertilizer,fertilizer.csv
find me a trader,market,market.json
सरसों बेचने के लिए सबसे अच्छी मंडी कौन सी है,market,market.json
can i harvest today,weather,weather.json
फसल का भाव,market,market.json
best mandi to sell wheat in rajasthan,market,market.csv
which mandi has the highest wheat price today,market,market.json
best weather for farming,weather,weather.json
check micronutrients,soil,soil.json
म्हाने गेहूं रो भाव बतावो,market,market.json
कॉपर,soil,soil.json
interpret soil report,soil,soil.json
आज सांझ रो मौसम,weather,weather.json
soil compaction,soil,soil.json
crop selling,market,market.json
coriander price,market,market.json
बोरॉन खाद,fertilizer,fertilizer.json
म्हाने मंडी में बेचण री सलाह देवो,market,market.json
आज कटाई करूं के,weather,weather.json
टमाटर का भाव,market,market.json
sandy soil,soil,soil.json
can i spray today,weather,weather.json
నాకు ఎరువు కావాలి,fertilizer,fertilizer.json
आज तेज हवा का अलर्ट है क्या,weather,weather.json
आज सोयाबीन का भाव क्या है,market,market.csv
ಯೂರಿಯಾ ಎಷ್ಟು ಹಾಕಬೇಕು,fertilizer,fertilizer.json
म्हारे खेत में भयंकर कीड़ा लग गयो है,emergency,emergency.csv
आज हवा कितनी चलेगी,weather,weather.json
किसान सम्मान निधि में आधार लिंक कैसे करें,government,government.csv
सूरजमुखी की खेती कब और कैसे करें?,crop,crop.csv
थारो चेहरो खिल रयो सा,greeting,greeting.json
any flood alert in my area,weather,weather.json
प्याज में सिंचाई का सही समय बताओ,irrigation,irrigation.csv
बारिश कब होगी,weather,weather.json
how much dap should i use,fertilizer,fertilizer.json
weather forecast for next week rajasthan,weather,weather.csv
घुलनशील उर्वरक,fertilizer,fertilizer.json
pm kisan mein aadhar link karna zaroori hai kya,government,government.csv
कीट प्रतिरोधी किस्म कौन सी है,pest,pest.csv
दूसरी खाद कब डालनी चाहिए,fertilizer,fertilizer.json
बाजरे का उन्नत बीज कौन सा है राजस्थान में,seed,seed.csv
soil report details,soil,soil.json
सरसों की बुवाई कब करनी चाहिए?,crop,crop.csv
suggest crop based on my soil,soil,soil.json
seed storage mein keede na lage iske liye kya karein,seed,seed.csv
hello dost.,greeting,greeting.json
good evening ji,greeting,greeting.json
राम राम सा,greeting,greeting.json
मिट्टी में कौन सी कमी है,soil,soil.json
namaste bhai jai hind,greeting,greeting.csv
maximum temperature,weather,weather.json
vanakkam anna,greeting,greeting.json
गर्मी,weather,weather.json
इस सप्ताह बारिश होगी,weather,weather.json
मसूर की बुवाई का सही समय बताओ,crop,crop.csv
म्हाने मिट्टी जांच करावणी है,soil,soil.json
post harvest fertilizer application kab karein?,fertilizer,fertilizer.csv
जड़ में सूत्रकृमि का प्रकोप,pest,pest.csv
top dressing,fertilizer,fertilizer.json
आज मेरे खेत में बारिश होगी क्या,weather,weather.json
warm welcome,greeting,greeting.json
rotavator chain toot gayi hai kaise theek karein,machinery,machinery.csv
म्हारा खेत खातर मौसम री पूरी सलाह देवो,weather,weather.json
paani ki kami mein gehu ki kheti ho sakti hai kya,irrigation,irrigation.csv
black soil ki khasiyat kya hoti hai?,soil,soil.csv
मेरे खेत की मिट्टी में पानी जल्दी सूख जाता है,irrigation,irrigation.csv
म्हारी मिट्टी में मोलिब्डेनम री कमी है,soil,soil.csv
paani dene ke baad khad dena chahiye ya pehle,irrigation,irrigation.csv
राम राम किसान,greeting,greeting.json
धनिया का भाव,market,market.json
गेहूं का भाव,market,market.json
salam alaikum,greeting,greeting.json
zinc,soil,soil.json
मेरे खेत में बैंगन की फसल में लिटिल लीफ रोग है,disease,disease.csv
मिट्टी की जानकारी,soil,soil.json
organic seed kahan se kharidein rajasthan mein,seed,seed.csv
आज मेरी फसल बेचने के लिए सबसे अच्छी मंडी कौन सी है,market,market.json
फर्टिलाइजर,fertilizer,fertilizer.json
mere khet mein tiddi aayi hai,pest,pest.json
कल का तापमान कितना रहेगा,weather,weather.csv
ಮಣ್ಣಿನ ಫಲವತ್ತತೆ ಹೆಚ್ಚಿಸುವುದು ಹೇಗೆ,soil,soil.json
soil analysis report,soil,soil.json
paani ki kami se fasal ka rang peela kyun ho jata hai,irrigation,irrigation.csv
should i apply fertilizer today,weather,weather.json
ट्रैक्टर की सर्विसिंग कब करानी चाहिए,machinery,machinery.csv
माटी में कूणसी खाद डालूं,soil,soil.json
समर्थन मूल्य,market,market.json
leaf miner,pest,pest.json
"म्हारी मिट्टी में जिंक री कमी है, जिंक सल्फेट कितनो डालूं?",fertilizer,fertilizer.json
ମୋତେ ସାର ଦରକାର,fertilizer,fertilizer.json
compare nearby mandi prices,market,market.json
थांने खम्मा घणी,greeting,greeting.json
tomato mein damping off ho rahi hai seedlings mar rahi hain,disease,disease.csv
म्हारी मिर्च री फसल में लीफ कर्ल वायरस लाग री है,disease,disease.csv
app ki setting kaise open karein,general,general.csv
मेरी फसल के लिए कौन सी खाद सही है,fertilizer,fertilizer.json
visibility today,weather,weather.json
कीटनाशक की मात्रा प्रति एकड़,pest,pest.csv
उदयपुर मंडी भाव,market,market.json
whitefly ka bada attack ho gaya hai turant kya karein,emergency,emergency.csv
glad to see you,greeting,greeting.json
थारे दर्शन हो गया,greeting,greeting.json
अगले सप्ताह स्प्रे करने के लिए सबसे अच्छा दिन कौन सा है,weather,weather.json
current bikaner market price,market,market.json
good evening madam ji.,greeting,greeting.json
gypsum,fertilizer,fertilizer.json
मेरे खेत में बाढ़ सिंचाई से पानी बर्बाद होता है,irrigation,irrigation.csv
tractor engine oil change kab karna chahiye,machinery,machinery.csv
"pranam ji, bhagwan aapne hamesha khush rakhe.",greeting,greeting.json
मेरी फसल में पानी की जरूरत है अभी,irrigation,irrigation.csv
ਮੇਰੀ ਮਿੱਟੀ ਦੀ ਰਿਪੋਰਟ ਸਮਝਾਓ,soil,soil.json
यूरिया कद डालूं,fertilizer,fertilizer.json
क्वालिटी,market,market.json
मेरे खेत की मिट्टी में नमक की मात्रा ज्यादा है,soil,soil.csv
"मेरे खेत की मिट्टी बहुत सख्त हो गई है, कैसे सुधारूं?",soil,soil.json
krishi yantra mela kab lagega rajasthan mein,machinery,machinery.csv
मिट्टी की उर्वरता की जांच करें,soil,soil.json
leaf miner damage,pest,pest.csv
fall armyworm in maize,pest,pest.csv
कृषि यंत्र पर 50 प्रतिशत सब्सिडी मिलती है क्या,machinery,machinery.csv
मेरे खेत में मिट्टी की उर्वरता जांचने के लिए क्या करूं?,soil,soil.csv
marwari mein baat karna hai mujhe,general,general.csv
kya aaj waqt par barish hogi mere khet ke liye,weather,weather.csv
जालोर मंडी भाव,market,market.json
എനിക്ക് വളം വേണം,fertilizer,fertilizer.json
थाको होग्या होसा,greeting,greeting.json
मिट्टी में सफेद गिडार,pest,pest.csv
आज मंडी में सबसे ज्यादा रेट किस फसल का चल रयो है,market,market.json
hello dost,greeting,greeting.json
seed subsidy ke liye kahan apply karein,government,government.csv
शुभ दोपहर,greeting,greeting.json
sell crop,market,market.json
मिट्टी की जांच,soil,soil.json
paani ki bachat ke liye kya karna chahiye khet mein,irrigation,irrigation.csv
मिट्टी की उर्वरता कैसे बढ़ाएं,soil,soil.json
will it rain tonight,weather,weather.json
नमस्ते जी शुभ संध्या,greeting,greeting.csv
किसान क्रेडिट कार्ड का ब्याज माफ होता है क्या,government,government.csv
गेहूं की बुवाई में बीज दर कितनी रखें,seed,seed.csv
soil deficiency,soil,soil.json
pranam mataji,greeting,greeting.json
ssp single super phosphate ka dose kya hai?,fertilizer,fertilizer.csv
when should i apply urea,fertilizer,fertilizer.json
क्या आज सिंचाई रोक देनी चाहिए,weather,weather.json
म्हारी मूंगफली री फसल में कॉलर रॉट लाग री है,disease,disease.csv
आज मंडी जाएं,market,market.json
म्हारा भाग खुल गया आज,greeting,greeting.json
मेरी सोयाबीन में चारकोल रॉट रोग है,disease,disease.csv
म्हारा खेत में पानी पड़सी के,weather,weather.json
mere khet ke liye crop suggest karo,general,general.csv
good evening everyone.,greeting,greeting.json
किस दिन खेत में काम करना सही रहेगा,weather,weather.json
राम राम मित्र,greeting,greeting.json
कम पानी में कौन सी फसल उगाएं,irrigation,irrigation.csv
आज आंधी का अलर्ट है क्या,weather,weather.json
राम राम म्हारी बाईसा,greeting,greeting.json
फसल बेचनी है,market,market.json
तुरंत मदद चाहिए,emergency,emergency.csv
nematode in soil,pest,pest.json
चना बोने का सही समय और तरीका बताओ,crop,crop.csv
राजस्थान में आज का तापमान क्या है,weather,weather.csv
will there be a thunderstorm today,weather,weather.json
भाई म्हारे खेत में कौन सी फसल बोवां जो गर्मी में भी हो जावे?,crop,crop.csv
pranam pitaji,greeting,greeting.json
क्या मेरी मिट्टी में पर्याप्त नमी है,soil,soil.json
hourly forecast,weather,weather.json
krishi yantra subsidy ke liye apply kaise karein,machinery,machinery.csv
खम्मा घणी ताऊ,greeting,greeting.json
weather,weather,weather.json
कहाँ बेचने पर ज्यादा पैसा मिलेगा,market,market.json
सोलर पंप मशीन कैसे लगाएं खेत में,machinery,machinery.csv
will it rain this evening,weather,weather.json
काई समाचार सा,greeting,greeting.json
नीम का स्प्रे कीट के लिए,pest,pest.json
pranam sabhi mitron ko.,greeting,greeting.json
udaipur mandi tomato price today,market,market.json
"ram ram sa, mhari taraf su ghani ghani badhai ar ram ram.",greeting,greeting.json
मेरे जिले में आज बारिश होगी क्या,weather,weather.csv
storm alert,weather,weather.json
मेरे खेत में dap की मात्रा कितनी डालूं?,fertilizer,fertilizer.csv
आज खेती का मौसम कैसा रहेगा,weather,weather.json
i need a buyer for my crop,market,market.json
नमस्कार साहब,greeting,greeting.json
चूरू मंडी भाव,market,market.json
current temperature,weather,weather.json
जय भोलेनाथ,greeting,greeting.json
चना रो भाव बतावो,market,market.json
नमस्कार सा,greeting,greeting.json
current cumin mandi rate,market,market.json
ram ram kaka sa.,greeting,greeting.json
kitne sections hain is app mein,general,general.csv
जीरा बेचना है,market,market.json
sunset time,weather,weather.json
आज तेज हवा चलेगी क्या,weather,weather.csv
मेरी फसल में वर्मीकम्पोस्ट कब और कितना डालें?,fertilizer,fertilizer.csv
how to improve soil fertility naturally?,soil,soil.csv
pm kisan mein bank account update kaise karein,government,government.csv
किसान क्रेडिट कार्ड से खाद बीज खरीद सकते हैं क्या,government,government.csv
boron,soil,soil.json
gehu ka bhav msp se upar hai kya aaj,market,market.csv
నేల పరీక్ష ఫలితాన్ని చెప్పండి,soil,soil.json
आज ठंड रहसी के,weather,weather.json
app baar baar crash ho raha hai,general,general.csv
mandi bhav,market,market.json
मेरे खेत के लिए कौन सी मशीन सही रहेगी,machinery,machinery.csv
बूंद बूंद सिंचाई के बारे में बताओ,irrigation,irrigation.csv
welcome sir,greeting,greeting.json
ठंड से फसल कैसे बचाएं,weather,weather.json
ओले गिरने पर क्या करें,weather,weather.json
मेरी मक्का में फॉल आर्मीवर्म कीड़ा लग गया है,disease,disease.csv
सरसों की बुवाई के लिए बीज दर क्या है,seed,seed.csv
fog,weather,weather.json
आज नागौर में ओले गिरेंगे क्या,weather,weather.json
सरसों का भाव,market,market.json
pest life cycle,pest,pest.json
7 day forecast,weather,weather.json
price,market,market.json
म्हारे खेत में जैव उर्वरक कद डालणो चाहिए?,fertilizer,fertilizer.csv
कल बारिश होगी क्या,weather,weather.csv
नमस्ते मित्र,greeting,greeting.json
namaskar sabhi ko.,greeting,greeting.json
udaipur weather,weather,weather.json
is the uv index high today,weather,weather.json
quality,market,market.json
म्हाने सबसे चोखो भाव किथे मिलसी,market,market.json
आज थारी याद आ री थी,greeting,greeting.json
मौसम के अनुसार खेती की योजना बताइए,weather,weather.json
स्टॉक,market,market.json
खम्मा घणी सा काई समाचार,greeting,greeting.json
sikar weather,weather,weather.json
50 percent subsidy on farm machinery rajasthan mein,machinery,machinery.csv
आराम सूं बैठो,greeting,greeting.json
आज aqi कितना है,weather,weather.json
डूंगरपुर मंडी भाव,market,market.json
npk fertilizer ka sahi dose kya hai?,fertilizer,fertilizer.csv
apna khet app mein kaise add karein,general,general.csv
mustard price trend last month kya raha,market,market.csv
khet ka naksha app mein kaise add karein,general,general.csv
मेरे खेत में पिछले साल अरहर थी अब क्या बोऊं?,crop,crop.csv
आज चना का बाजार भाव,market,market.json
will wheat prices increase tomorrow,market,market.json
plant nutrition,fertilizer,fertilizer.json
मंडी बंद है क्या,market,market.json
"मेरी मिट्टी में कैल्शियम की कमी है, क्या करूं?",soil,soil.json
खुश रहजो,greeting,greeting.json
sell wheat,market,market.json
म्हारे खेत री मिट्टी में क्लोरीन री कमी है,soil,soil.csv
मेरी मक्का में डाउनी मिल्ड्यू रोग है,disease,disease.csv
आज मंडी में खरीद हो रही है क्या,market,market.json
किसान आईडी कैसे बनाएं,general,general.csv
ट्रैक्टर खरीदने के लिए लोन कैसे मिलेगा,machinery,machinery.csv
कृषि यंत्र पर सब्सिडी के लिए आवेदन कैसे करें,machinery,machinery.csv
मानसून कब शुरू होगा,weather,weather.json
घणी घणी शुभकामना,greeting,greeting.json
मेरी प्याज में डैम्पिंग ऑफ हो रही है,disease,disease.csv
मंडी में बिक्री के लिए रजिस्ट्रेशन कैसे करें,market,market.csv
म्हारी मिट्टी में पोटाश री कमी है के करूं?,soil,soil.csv
आज बारिश होगी,weather,weather.json
spray timing for pest control,pest,pest.csv
नमस्कार भाई साहब,greeting,greeting.json
ram ram bhai fasal kaisi hai is baar,greeting,greeting.csv
काई चल रयो सा,greeting,greeting.json
म्हारी जमीन में कूणसी खाद डालूं,soil,soil.json
रोटावेटर और कल्टीवेटर में क्या फर्क है,machinery,machinery.csv
म्हारा गांव में बारिश होसी के,weather,weather.json
म्हारी मिट्टी में जीवाणुओं की संख्या कैसे बढ़ाऊं?,soil,soil.csv
राजी खुशी रहजो,greeting,greeting.json
मिलके मजो आ गयो,greeting,greeting.json
आज बारिश की संभावना,weather,weather.json
wholesale market,market,market.json
तिल का भाव,market,market.json
internet nahi hai to app chalega kya,general,general.csv
किस मंडी में मुझे सबसे ज्यादा दाम मिलेंगे,market,market.json
ਮਿੱਟੀ ਸੁੱਕੀ ਹੈ,soil,soil.json
बाजरे की बुवाई के लिए बीज दर क्या है,seed,seed.csv
आज के मौसम के अनुसार मेरी फसल के लिए क्या सलाह है,weather,weather.json
म्हारे खेत री मिट्टी में मैंगनीज री कमी है,soil,soil.csv
म्हारे खेत री मिट्टी में नमी कम है के करूं?,soil,soil.csv
namaskar sabhi doston ko.,greeting,greeting.json
आज सूरज कितने बजे निकलेगा,weather,weather.json
घणी घणी राम राम,greeting,greeting.json
आज बारिश होने वाली है क्या मुझे सिंचाई करनी चाहिए,weather,weather.json
मिट्टी की उर्वरता,soil,soil.json
म्हारी फसल में रात को जानवर घुस गए सब खा गए,emergency,emergency.csv
मेरे लिए कौन सी फसल सही रहेगी,general,general.csv
मुझे फसल बेचने की सही जगह बताइए,market,market.json
गेहूं का सबसे अच्छा बीज कौन सा है,seed,seed.csv
hi bhai drip irrigation ke baare mein batao,greeting,greeting.csv
हार्वेस्टर मशीन कब बुक करें,machinery,machinery.csv
new account banane mein problem aa rahi hai,general,general.csv
"म्हारी फसल कौन खरीदेगा, किण व्यापारी है",market,market.json
आज जीरा कितने का चल रहा है,market,market.json
मेरे खेत की मिट्टी की रिपोर्ट बताइए,soil,soil.json
udaipur mandi rate,market,market.json
किस मंडी में बेचूँ,market,market.json
bajra mandi rate today rajasthan,market,market.csv
जय महाकाल,greeting,greeting.json
i want to sell my wheat today,market,market.json
best wishes,greeting,greeting.json
groundnut seed kahan milega mere paas,seed,seed.csv
aadhar se login ho sakta hai kya,general,general.csv
which fertilizer should i use,fertilizer,fertilizer.json
today's green gram price,market,market.json
युरिया बद्दल सांगा,fertilizer,fertilizer.json
harvest weather,weather,weather.json
लाल मिट्टी,soil,soil.json
gehu ka bhav is hafte kitna badha,market,market.csv
aphid attack on mustard,pest,pest.csv
उड़द की बुवाई का सही समय बताओ,crop,crop.csv
सरकारी खरीद चालू है के नहीं,market,market.json
माता रानी रो आशीर्वाद रहे,greeting,greeting.json
pm किसान योजना की जानकारी दो,government,government.csv
moonset time,weather,weather.json
मुझे सिंचाई करनी चाहिए या नहीं,soil,soil.json
എന്റെ മണ്ണ് പരിശോധന റിപ്പോർട്ട് വിശദീകരിക്കൂ,soil,soil.json
best mandi today,market,market.json
आज धूप रहसी के,weather,weather.json
प्रणाम हुकम सा,greeting,greeting.json
is it going to be sunny today,weather,weather.json
म्हाने खरीदार रो नंबर चाहिए,market,market.json
आज मौसम खेत खातर ठीक है के,weather,weather.json
मौसम पूर्वानुमान,weather,weather.json
फसल अचानक सूख रही है क्या करूं,emergency,emergency.csv
भाव किण चल रयो है,market,market.json
मूंग बेचनी है,market,market.json
क्या अगले दो दिन खेत में काम करना सुरक्षित रहेगा,weather,weather.json
tomorrow mandi rate,market,market.json
जय जवान जय किसान,greeting,greeting.csv
वायरस फैल गया है पूरे खेत में तुरंत उपाय बताओ,emergency,emergency.csv
आज तिल का भाव क्या है,market,market.csv
current coriander market price,market,market.json
আমার মাটির পরীক্ষা করুন,soil,soil.json
जैविक खेती के लिए कौन सी फसल सबसे अच्छी है?,crop,crop.csv
आने वाले दिनों में भाव,market,market.json
jaipur mandi mein aaj gehu ka bhav,market,market.csv
ইউরিয়া সম্পর্কে বলুন,fertilizer,fertilizer.json
म्हे ठीक ठाक सा,greeting,greeting.json
मिट्टी की समस्या,soil,soil.json
should i go to the field today,weather,weather.json
neem coated urea kya hota hai aur kab dena chahiye?,fertilizer,fertilizer.csv
soil management,soil,soil.json
भाई म्हारी सरसों री फसल में सफेद रतुआ लाग री है,disease,disease.csv
म्हाने कोल्ड स्टोरेज रो नंबर चाहिए,market,market.json
msp क्या है गेहूं का इस साल,market,market.csv
मेरे खेत में मिट्टी परीक्षण रिपोर्ट कैसे पढ़ें?,soil,soil.csv
क्या आज मंडी में व्यापार हो रहा है,market,market.json
मौसम विभाग का अलर्ट क्या है आज,weather,weather.csv
थारे आवण रो धन्यवाद,greeting,greeting.json
kcc loan ki interest rate kya hai,government,government.csv
neem coated urea,fertilizer,fertilizer.json
थाने देख घणो चोखो लाग्यो,greeting,greeting.json
घणी खम्मा सा,greeting,greeting.json
आज लू चलेगी क्या,weather,weather.csv
जल्दी फेर मिलां,greeting,greeting.json
प्रतापगढ़ मंडी भाव,market,market.json
म्हारी फसल में psb कल्चर कद डालणो चाहिए?,fertilizer,fertilizer.csv
माटी रो इलाज बतावो,soil,soil.json
నా నేల పరీక్ష చేయండి,soil,soil.json
pest damage,pest,pest.json
फसल बीमा का प्रीमियम कितना है गेहूं के लिए,government,government.csv
improve soil fertility,soil,soil.json
म्हारी माटी गीली है,soil,soil.json
next month crop price,market,market.json
is it going to rain tomorrow,weather,weather.json
मेरे गांव में सॉइल हेल्थ कार्ड कैंप कब लगेगा,government,government.csv
is my soil acidic,soil,soil.json
आज भारी बारिश होगी क्या,weather,weather.json
राम राम सा हुकम जी,greeting,greeting.json
kharif mein kaunsi dal ki fasal best hai?,crop,crop.csv
pest spray kab kare,pest,pest.json
सफेद मक्खी का प्रकोप,pest,pest.json
रात में बारिश होगी क्या,weather,weather.json
मेरे खेत में फसल के बाद खाद कब डालें?,fertilizer,fertilizer.csv
म्हारी माटी में फास्फोरस किण है,soil,soil.json
good morning everyone.,greeting,greeting.json
extended forecast,weather,weather.json
show my soil report,soil,soil.json
auction price,market,market.json
cold wave alert rajasthan mein hai kya,weather,weather.csv
मेरे खेत में टिड्डी आई है,pest,pest.json
मेरे खेत में ड्रिप से खाद कैसे दें?,fertilizer,fertilizer.csv
आज का लाइव मंडी भाव,market,market.json
show the highest bidding mandi,market,market.json
storage,market,market.json
गेहूं खरीदना है,market,market.json
rain,weather,weather.json
मेरे खेत की मिट्टी में पानी कितना है,soil,soil.json
थांने राम राम,greeting,greeting.json
सिरोही मंडी भाव,market,market.json
म्हाने खाद री मात्रा बतावो,fertilizer,fertilizer.json
मार्केट रेट,market,market.json
हार्दिक अभिनंदन,greeting,greeting.json
മണ്ണിലെ ഈർപ്പം എത്രയാണ്,soil,soil.json
ajmer weather,weather,weather.json
म्हारा गांव रो तापमान किण है,weather,weather.json
फसल बीमा के लिए कौन सी फसलें कवर होती हैं,government,government.csv
aphid attack bahut bada hai sarson mein turant spray batao,emergency,emergency.csv
ओला पड़सी तो के करूं,weather,weather.json
helpline number kya hai pragati ai ka,general,general.csv
"pranam kisan bhai, bhagwan aapki fasal hari bhari rakhe.",greeting,greeting.json
is hafte mausam kaisa rahega kheti ke liye,weather,weather.csv
मिट्टी सूखी है,soil,soil.json
मुझे अच्छे व्यापारी की जानकारी दीजिए,market,market.json
யூரியா பற்றி சொல்லுங்கள்,fertilizer,fertilizer.json
मेरी मिट्टी के लिए कौन सा उर्वरक सही रहेगा,soil,soil.json
good morning bhai khamma ghani,greeting,greeting.csv
yellow sticky trap,pest,pest.json
मेरी मिट्टी का ph बहुत ज्यादा है कैसे कम करूं?,soil,soil.csv
तूफान,weather,weather.json
good morning sir ji.,greeting,greeting.json
म्हारी फसल में तना सड़न बहुत तेजी से फैल रही है,emergency,emergency.csv
groundnut price,market,market.json
"ram ram sa, kheti badiya chale aur fasal bumper hove.",greeting,greeting.json
सादर नमस्कार,greeting,greeting.json
ram ram sa mhara dost.,greeting,greeting.json
tomato ke patte curl ho rahe hain kya bimari hai?,disease,disease.csv
greetings sir,greeting,greeting.json
बांसवाड़ा मंडी भाव,market,market.json
insect repellent for crops,pest,pest.json
long term soil fertility kaise maintain karein?,soil,soil.csv
jeera price today in rajasthan,market,market.csv
म्हारे खेत में रेतीली मिट्टी है कांई बोवां?,crop,crop.csv
ऐप में लाइट मोड कैसे करें,general,general.csv
म्हारे खेत में पोटाश कद डालणो चाहिए?,fertilizer,fertilizer.csv
कीड़े लग गए हैं फसल में,pest,pest.csv
सरकारी योजना में आवेदन की अंतिम तारीख क्या है,government,government.csv
शुभ रात्रि मित्र,greeting,greeting.json
pragati ai ka customer care number kya hai,general,general.csv
मेरी फसल में टॉप ड्रेसिंग कब करें?,fertilizer,fertilizer.csv
sunny,weather,weather.json
agricultural weather advice,weather,weather.json
मेरे खेत में नाइट्रोजन की कमी है पत्ते पीले हो रहे हैं,soil,soil.csv
नमस्ते,greeting,greeting.json
fertilizer,fertilizer,fertilizer.json
cotton hybrid seed best variety rajasthan,seed,seed.csv
late blight spreading rapidly in tomato field emergency,emergency,emergency.csv
seed sowing se pehle khet taiyar karne ka tarika,seed,seed.csv
सफेद मक्खी नियंत्रण के तरीके,pest,pest.csv
क्या आज बाहर काम करना सुरक्षित है,weather,weather.csv
सरकारी मंडी,market,market.json
आज ओलावृष्टि का अलर्ट है क्या,weather,weather.json
"pranam ji, aasha karta hu aap bilkul swasth honge.",greeting,greeting.json
आज रो मंडी रेट,market,market.json
उड़द मंडी भाव,market,market.json
மண் பரிசோதனை அறிக்கையை காட்டு,soil,soil.json
आज बेचूं या कल,market,market.json
khamma ghani,greeting,greeting.json
म्हाने आज मौसम देखी ने खेती रो फैसला लेणो है,weather,weather.json
analyze soil drainage,soil,soil.json
बारिश कब होगी इस महीने,weather,weather.csv
आज ग्वार का भाव बढ़ा है क्या,market,market.csv
कपास में गुलाबी सुंडी,pest,pest.csv
npk कब डालें,fertilizer,fertilizer.json
आज राजस्थान में कहाँ बारिश होगी,weather,weather.json
ferrous sulphate spray kaise karein?,fertilizer,fertilizer.csv
నేల పొడిగా ఉంది,soil,soil.json
पौधों की जड़ काटने वाला कीड़ा,pest,pest.csv
क्या ऐप हरियाणवी में भी काम करता है,general,general.csv
प्रोफाइल फोटो कैसे लगाएं,general,general.csv
drought se meri fasal khatam ho rahi hai,emergency,emergency.csv
saline soil ko kaise sudharen?,soil,soil.csv
कपास में थ्रिप्स,pest,pest.json
dap aur urea mein kya fark hai?,fertilizer,fertilizer.csv
which market is offering the highest wheat price today,market,market.json
minimum support price for mustard 2024,market,market.csv
मेरी पूरी मूंग की फसल में पीला मोजेक वायरस फैल गया,emergency,emergency.csv
ನನಗೆ ಗೊಬ್ಬರ ಬೇಕು,fertilizer,fertilizer.json
नागौर मंडी में जीरे की नीलामी का भाव बताइए,market,market.json
खम्मा घणी सा म्हारा भाई,greeting,greeting.json
tiddi dal ne mera poora khet kha liya,emergency,emergency.csv
jai shri krishna,greeting,greeting.csv
थारी उमर लंबी होवे,greeting,greeting.json
आज मंडी चले,market,market.json
पाली मंडी में इसबगोल का भाव बताओ,market,market.json
राजसमंद मंडी भाव,market,market.json
ram ram sa sabhi annadata bhaiyon ne.,greeting,greeting.json
टिड्डी दल आ गया,pest,pest.json
भाई म्हारे खेत में कौन सी फसल बोवां जो बाजार में अच्छे दाम मिलें?,crop,crop.csv
fym,fertilizer,fertilizer.json
cold wave se fasal ko kaise bachayein,weather,weather.csv
मेरे खेत में मिट्टी का रंग काला क्यों है?,soil,soil.csv
check soil ph,soil,soil.json
happy day,greeting,greeting.json
temperature,weather,weather.json
virus outbreak ho gaya hai khet mein kya karein,emergency,emergency.csv
मेरे बैंगन में जड़ गांठ सूत्रकृमि का प्रकोप है,disease,disease.csv
भारत माता की जय,greeting,greeting.json
ಗೊಬ್ಬರವನ್ನು ಯಾವಾಗ ಹಾಕಬೇಕು,fertilizer,fertilizer.json
માટી સુધારવાની સલાહ આપો,soil,soil.json
which crop is best for black cotton soil?,crop,crop.csv
काई हाल है म्हारा भाई,greeting,greeting.json
temperature drop hoga kya kal raat,weather,weather.csv
सिंचाई के लिए सोलर पंप कैसे लगाएं,irrigation,irrigation.csv
aur bhai,greeting,greeting.json
good morning pragati team,greeting,greeting.json
jai hind bhai aaj ka mausam kaisa rahega,greeting,greeting.csv
फसल पोषण,fertilizer,fertilizer.json
"khamma ghani sa, mhari taraf su ghani ghani ram ram.",greeting,greeting.json
कीट प्रबंधन,pest,pest.json
मुझे अभी फसल बेचनी चाहिए या कुछ दिन रुकना चाहिए,market,market.json
pest resistant variety,pest,pest.json
wonderful morning,greeting,greeting.json
कौन सी मंडी फायदे की रहेगी,market,market.json
hello ji,greeting,greeting.json
बारिश से फसल कैसे बचाएं,weather,weather.json
jai mata di,greeting,greeting.csv
वजन,market,market.json
खाद कब डालनी चाहिए,fertilizer,fertilizer.json
मौसम के अनुसार फसल बचाने की सलाह,weather,weather.json
नमस्ते भाई ट्रैक्टर के बारे में पूछना था,greeting,greeting.csv
fertilizer schedule,fertilizer,fertilizer.json
ram ram kisan bhai.,greeting,greeting.json
आज कृषि कार्य के लिए मौसम,weather,weather.json
घणो आनंद आयो,greeting,greeting.json
खम्मा घणी बाईसा,greeting,greeting.json
फसल का मौसम,weather,weather.json
नहर का पानी कब मिलेगा इस हफ्ते,irrigation,irrigation.csv
फेर आवजो सा,greeting,greeting.json
मानसून कब आएगा,weather,weather.json
आज का मंडी भाव,market,market.json
long range forecast,weather,weather.json
व्यापारी,market,market.json
गेहूं में तना छेदक कीड़ा,pest,pest.csv
मिट्टी भुरभुरी है,soil,soil.json
सिंचाई के लिए तालाब का पानी इस्तेमाल कर सकते हैं,irrigation,irrigation.csv
insect on crop,pest,pest.json
घणी राम राम,greeting,greeting.json
wa alaikum assalam,greeting,greeting.json
मेरी मिट्टी के हिसाब से कौन सी फसल सही रहेगी,soil,soil.json
long time no see,greeting,greeting.json
ram ram friend,greeting,greeting.json
rice mein fertilizer dose kya hona chahiye?,fertilizer,fertilizer.csv
kaunsi fasal mein sabse zyada munafa hai?,crop,crop.csv
प्याज का भाव,market,market.json
ग्वार की सबसे ज्यादा कीमत किस मंडी में मिल रही है,market,market.json
मेरे खेत में मिट्टी में पानी जमा रहता है क्या करूं?,soil,soil.csv
जयपुर मंडी आज खुली है क्या,market,market.json
hi friend,greeting,greeting.json
caterpillar eating leaves,pest,pest.csv
कड़ी धूप,weather,weather.json
ओलावृष्टि की चेतावनी है क्या,weather,weather.csv
welcome back farmer,greeting,greeting.json
air quality index,weather,weather.json
jai hind bhai kisan ki baat karni thi,greeting,greeting.csv
फसल रोककर रखूं,market,market.json
ग्रीष्मकालीन फसलें कौन सी हैं?,crop,crop.csv
क्या आज तेज हवा चलेगी,weather,weather.json
happy morning,greeting,greeting.json
keet sankraman,pest,pest.json
hello pragati team,greeting,greeting.json
थारो भलो होवे,greeting,greeting.json
warm greetings,greeting,greeting.json
मक्का में पानी की जरूरत कब होती है,irrigation,irrigation.csv
hi pragati,greeting,greeting.json
किण मंडी में जावूं,market,market.json
माटी सुधार किण करूं,soil,soil.json
थारा घर खुशियां आवे,greeting,greeting.json
आज मौसम कैसा रहेगा,weather,weather.csv
सोयाबीन में पत्ती धब्बा रोग आ गया है,disease,disease.csv
घणा दिना पाछे मिल्या,greeting,greeting.json
soil treatment,soil,soil.json
seed ko nami se bachane ka tarika kya hai,seed,seed.csv
how to identify pest in crop,pest,pest.csv
ಮಣ್ಣಿನ ಪರೀಕ್ಷೆಯ ಫಲಿತಾಂಶ ತಿಳಿಸಿ,soil,soil.json
namaskara,greeting,greeting.json
wheat price,market,market.json
pranam bhaisa,greeting,greeting.json
magnesium sulphate ka dose per acre kya hai?,fertilizer,fertilizer.csv
"hi pragati, hope you are doing great.",greeting,greeting.json
सब कुशल मंगल सा,greeting,greeting.json
"ram ram sa, swagat hai pragati ai mein.",greeting,greeting.json
fasal mein keede hain kya karun,pest,pest.json
आज किण रेट चल रयो है,market,market.json
मेरी मिट्टी में पोटाश की मात्रा कितनी है,soil,soil.json
मेरी फसल कहाँ बेचूँ,market,market.json
ನನ್ನ ಮಣ್ಣಿನಲ್ಲಿ ಏನು ಕೊರತೆಯಿದೆ,soil,soil.json
बीज पर सरकारी सब्सिडी मिलती है क्या,seed,seed.csv
राम राम बाईसा,greeting,greeting.json
"मेरी मिट्टी में लोहे की कमी है, पत्ते पीले हो रहे हैं",soil,soil.json
कल रेट घटसी के,market,market.json
पीएम किसान में गलत जानकारी सुधार कैसे करें,government,government.csv
मंडी में काई चाल रयो है,market,market.json
आज बाहर निकलना सुरक्षित है क्या,weather,weather.json
उड़द रो आज रो रेट,market,market.json
क्या ओलावृष्टि की संभावना में फसल बचाई जा सकती है,weather,weather.json
रबी फसलों में सिंचाई कितनी बार करनी चाहिए,irrigation,irrigation.csv
bhav,market,market.json
डीएपी,fertilizer,fertilizer.json
मुझे बताइए कि आज किस मंडी में गेहूं बेचना फायदेमंद रहेगा,market,market.json
ମୋ ମାଟିର ପରୀକ୍ଷା କର,soil,soil.json
मेरे खेत में पिछले साल मक्का था अब क्या बोऊं?,crop,crop.csv
मौज में रहजो,greeting,greeting.json
soil organic carbon kaise badhayein?,soil,soil.csv
आज नमी कितनी है,weather,weather.json
फसल में कीड़े इतने हो गए हैं कि दिखाई नहीं देती,emergency,emergency.csv
सिंचाई के लिए सोलर पंप पर सब्सिडी मिलती है क्या,irrigation,irrigation.csv
alluvial soil,soil,soil.json
आज खेती खातर मौसम ठीक है के,weather,weather.json
खुदरा बाजार,market,market.json
फेर जरूर पधारजो,greeting,greeting.json
मेरी कपास में बोल वीविल का प्रकोप है,disease,disease.csv
pest resistant variety kaunsi hai,pest,pest.csv
आज ओलावृष्टि का पूर्वानुमान बताओ,weather,weather.json
moong ka best variety seed batao,seed,seed.csv
के हाल सा हुकम,greeting,greeting.json
जैव उर्वरक,fertilizer,fertilizer.json
sat sri akal ji,greeting,greeting.json
sandy soil mein paani jaldi nikal jaata hai kya karein?,soil,soil.csv
मेरी फसल में कीड़े हैं क्या करूं,pest,pest.json
मेरे खेत में जिंक सल्फेट कब और कैसे डालें?,fertilizer,fertilizer.csv
namaste pragati bhai kaise ho,greeting,greeting.csv
tractor mein diesel zyada kyun lag raha hai,machinery,machinery.csv
स्प्रेयर मशीन कैसे चलाएं,machinery,machinery.csv
মাটি শুকিয়ে গেছে,soil,soil.json
मौसम के हिसाब से कौन सी फसल लगाएं,weather,weather.csv
थांने फेर देख आनंद आयो,greeting,greeting.json
chilli mein thrips ka attack ho gaya hai kya karein?,disease,disease.csv
कीट की दवा बताओ,pest,pest.json
frost warning kya hai aaj raat ke liye,weather,weather.csv
थांरो मूड ठीक लागे,greeting,greeting.json
किसान क्रेडिट कार्ड के लिए कौन से कागज चाहिए,government,government.csv
आज बीज बोना सही रहेगा,weather,weather.json
new wheat variety 2024 rajasthan ke liye,seed,seed.csv
kharab beej ki pehchaan kaise karein,seed,seed.csv
खाद पर सब्सिडी कैसे मिलती है,government,government.csv
drip irrigation se kitne percent paani bachta hai,irrigation,irrigation.csv
hello sir,greeting,greeting.json
માટીમાં ભેજ કેટલો છે,soil,soil.json
राम राम ताऊ,greeting,greeting.json
termite attack on roots,pest,pest.csv
ಯೂರಿಯಾ ಬಗ್ಗೆ ತಿಳಿಸಿ,fertilizer,fertilizer.json
analyze soil quality,soil,soil.json
ganganagar mandi price,market,market.json
యూరియా ఎంత వేయాలి,fertilizer,fertilizer.json
is it going to be cloudy today,weather,weather.json
kisan id kaise banayein is app mein,general,general.csv
tell me today's weather,weather,weather.json
मेथी की कटाई कब करनी चाहिए?,crop,crop.csv
good evening ji jai hind,greeting,greeting.csv
analyze my soil report,soil,soil.json
rice mein blast disease ho gayi hai kya spray karein?,disease,disease.csv
bajra mein downy mildew disease ho gayi hai,disease,disease.csv
"मेरी मिट्टी में माइक्रोन्यूट्रिएंट्स की कमी है, क्या करूं?",soil,soil.json
आज का मौसम कैसा रहेगा,weather,weather.json
"मेरी मिट्टी में फास्फोरस की कमी है, क्या करूं?",soil,soil.json
ram ram,greeting,greeting.json
जल्दी फेर मुलाकात होवे,greeting,greeting.json
my entire wheat crop is dying please help,emergency,emergency.csv
आज की हवा की दिशा क्या है,weather,weather.json
आज नमी कितणी है,weather,weather.json
धौलपुर मंडी भाव,market,market.json
आज सीकर का मौसम,weather,weather.json
खम्मा घणी हुकम,greeting,greeting.json
मंडी में आज सबसे ज्यादा भाव किस फसल का है,market,market.csv
सवेरो मौसम किण रहसी,weather,weather.json
आज मौसम में उमस रहेगी क्या,weather,weather.json
आवो सा बैठो,greeting,greeting.json
म्हने थारी याद आवे थी,greeting,greeting.json
garlic price,market,market.json
good night,greeting,greeting.json
मिलके घणो आनंद आयो,greeting,greeting.json
ମାଟିରେ ଆର୍ଦ୍ରତା କେତେ,soil,soil.json
hello ai assistant,greeting,greeting.json
पूरे सप्ताह का मौसम पूर्वानुमान बताइए,weather,weather.json
wheat crop insurance premium kitna hoga,government,government.csv
today's black gram rate,market,market.json
आप मेरे लिए क्या कर सकते हैं,general,general.csv
उपज मंडी,market,market.json
म्हारे खेत री मिट्टी में जिंक सल्फेट डालने से के फायदो होसी?,soil,soil.csv
म्हारी फसल में बोरोन री कमी है के डालूं?,fertilizer,fertilizer.csv
cotton mein whitefly bahut zyada ho gayi hai,disease,disease.csv
soil quality,soil,soil.json
दीमक जड़ें खा रही है,pest,pest.csv
pest outbreak season,pest,pest.json
रीपर मशीन से फसल कटाई कैसे करें,machinery,machinery.csv
प्याज के पत्ते मुड़ रहे हैं और पीले हो रहे हैं,disease,disease.csv
harvest advisory,weather,weather.json
इसबगोल का बीज कहां से मिलेगा,seed,seed.csv
aaj kitne baje barish hogi,weather,weather.csv
बारां मंडी भाव,market,market.json
आज सूर्योदय कितने बजे होगा,weather,weather.json
मेरे गांव के पास कौन सी मंडी है,market,market.csv
मिट्टी के पोषक तत्व,soil,soil.json
what is my soil type,soil,soil.json
घणा दिना पाछे आया,greeting,greeting.json
tractor servicing kitne ghante ke baad karwayein,machinery,machinery.csv
groundnut mein tikka disease ho gayi hai kya karein?,disease,disease.csv
आज अजमेर में बादल रहेंगे क्या,weather,weather.json
थारा मंडी भाव बतावो,market,market.json
मीठी राम राम,greeting,greeting.json
आज बुवाई करूं के,weather,weather.json
आज कूणसी मंडी फायदेमंद है,market,market.json
welcome back,greeting,greeting.json
कौन सी बीज कंपनी सबसे अच्छी है,seed,seed.csv
कोल्ड स्टोरेज कहाँ मिलेगा,market,market.json
buyer,market,market.json
आज इसबगोल का भाव क्या है,market,market.csv
कृषि यंत्र बैंक से लोन पर मिलते हैं क्या,machinery,machinery.csv
"good night, take care and have a peaceful sleep.",greeting,greeting.json
sprinkler system ke fayde kya hain,irrigation,irrigation.csv
म्हारे खेत में पिछले साल बाजरा था अब कांई बोवां?,crop,crop.csv
बीकानेर मंडी में सरसों किस भाव बिक रही है,market,market.json
power weeder se kharpatwar hatane ka tarika,machinery,machinery.csv
safed makhi ka prakop,pest,pest.json
भाई म्हारे खेत में कौन सी फसल बोवां जो मेडिसिनल हो?,crop,crop.csv
ਮਿੱਟੀ ਦਾ ph ਦੱਸੋ,soil,soil.json
weather in rajasthan,weather,weather.json
हार्वेस्टर मशीन का किराया कितना है प्रति बीघा,machinery,machinery.csv
आज बीकानेर मंडी में मूंग का भाव,market,market.csv
राम राम,greeting,greeting.json
मेरी गेहूं में पीला रतुआ बहुत तेजी से फैल रहा है,emergency,emergency.csv
mandi mein fasal kaise bechein step by step,market,market.csv
अलवर मंडी भाव,market,market.json
म्हारी उपज री ग्रेडिंग करावणी है,market,market.json
आवता रहजो,greeting,greeting.json
groundnut price aaj ki mandi mein,market,market.csv
moong price forecast this season kya hai,market,market.csv
म्हारे खेत में बिजली गिरी और आग लग गई,emergency,emergency.csv
ram ram kaka,greeting,greeting.json
पुरानी चैट कैसे देखें,general,general.csv
મારી જમીનની તપાસ કરો,soil,soil.json
sprayer pump band ho gaya hai kya karein,machinery,machinery.csv
radhe radhe bhai.,greeting,greeting.json
चैट हिस्ट्री कैसे डिलीट करें,general,general.csv
आज स्प्रे करूं के,weather,weather.json
fertigation kya hota hai aur kaise karein?,fertilizer,fertilizer.csv
packing,market,market.json
आज कद सूं आवणा होया,greeting,greeting.json
थारो परिवार मजा में है,greeting,greeting.json
नमस्कार किसान भाई,greeting,greeting.json
hello everyone.,greeting,greeting.json
राम राम हुकम सा,greeting,greeting.json
मेरी फसल में नैनो यूरिया का छिड़काव कब करें?,fertilizer,fertilizer.csv
आज की नीलामी,market,market.json
hello kisan,greeting,greeting.json
सुप्रभात मित्र,greeting,greeting.json
मेरे खेत की मिट्टी बहुत सख्त हो गई है कैसे सुधारूं?,soil,soil.csv
highest mandi price today,market,market.json
म्हाने रोक के रखूं के,market,market.json
hello smart farmer,greeting,greeting.json
म्हारी मिट्टी में ह्यूमस कैसे बढ़ाऊं?,soil,soil.csv
"khamma ghani sa, swagat hai mhare dost.",greeting,greeting.json
nice meeting you,greeting,greeting.json
जीरा मंडी भाव,market,market.json
कोटा मंडी रो भाव,market,market.json
फसल बीमा योजना में नाम कैसे दर्ज करें,government,government.csv
जौ का भाव,market,market.json
ಮಣ್ಣು ಒಣಗಿದೆ,soil,soil.json
बाजार भाव,market,market.json
म्हाने सरसों बेचणी है,market,market.json
guar seed variety rajasthan ke liye best,seed,seed.csv
बाजार में काई भाव है,market,market.json
थांरो आना शुभ मानूं,greeting,greeting.json
keede maar dawai,pest,pest.json
माहू के लिए कीटनाशक,pest,pest.csv
weather in jodhpur,weather,weather.json
tell me about my soil,soil,soil.json
झुंझुनू मंडी भाव,market,market.json
fertilizer application schedule,fertilizer,fertilizer.json
आज ग्वार का रेट कितना है,market,market.json
application time,fertilizer,fertilizer.json
"hello everyone, welcome to pragati ai.",greeting,greeting.json
मक्का में फॉल आर्मीवर्म,pest,pest.csv
म्हारा गांव रो मौसम,weather,weather.json
सीकर मंडी भाव,market,market.json
future market price,market,market.json
ਮਿੱਟੀ ਵਿੱਚ ਕਿਹੜੀ ਖਾਦ ਪਾਉਣੀ ਚਾਹੀਦੀ ਹੈ,soil,soil.json
kcc interest subvention scheme kya hai,government,government.csv
प्रणाम किसान भाई,greeting,greeting.json
मंडी भाव,market,market.json
सिंगल सुपर फॉस्फेट,fertilizer,fertilizer.json
तिल की खेती कब और कैसे करें?,crop,crop.csv
मिट्टी उपजाऊ कैसे बनाएं,soil,soil.json
shc,soil,soil.json
is app mein koi paid subscription hai kya,general,general.csv
nomoshkar,greeting,greeting.json
मेरे नजदीक कौन सी मंडी है,market,market.csv
मंडी में बोली कब शुरू होगी,market,market.json
harvester machine booking kab karni chahiye,machinery,machinery.csv
माझ्या मातीची तपासणी करा,soil,soil.json
आज मेरे गांव का तापमान कितना है,weather,weather.json
नमस्ते जी मेरी फसल में बीमारी लग गई है,greeting,greeting.csv
whitefly infestation,pest,pest.json
मेरी मिट्टी में लोहे की कमी है पत्ते पीले हो रहे हैं,soil,soil.csv
ajmer mandi sarson rate today,market,market.csv
tomato price,market,market.json
मेरी फसल मर रही है अभी तुरंत कुछ बताओ,emergency,emergency.csv
seed treatment se fasal ko kya fayda hota hai,seed,seed.csv
आज चांद कब निकलेगा,weather,weather.json
spray advisory,weather,weather.json
tomato mein root knot nematode ka attack hai,disease,disease.csv
टमाटर के पत्ते पीले पड़ रहे हैं कोई दवाई बताओ,disease,disease.csv
क्या इस ऐप में कोई सब्सक्रिप्शन है,general,general.csv
jai shri ram bhai aaj ka din shubh ho,greeting,greeting.csv
आज बारिश का पूर्वानुमान बताओ,weather,weather.json
बाबोसा री मेहर रहे,greeting,greeting.json
nitrogen,soil,soil.json
ram ram sabne.,greeting,greeting.json
म्हाने आगला 5 दिन रो मौसम बतावो,weather,weather.json
कस्सो दिन चाल रयो है,greeting,greeting.json
आज झुंझुनू का मौसम,weather,weather.json
soil erosion rokne ke liye kya karein?,soil,soil.csv
soil information,soil,soil.json
क्या भाव बढ़ेंगे,market,market.json
"hello farmer brother, wishing you a healthy crop and prosperous life.",greeting,greeting.json
मेरी फसल में आयरन की कमी है क्या डालूं?,fertilizer,fertilizer.csv
काली मिट्टी,soil,soil.json
पीएम किसान योजना में बैंक खाता कैसे जोड़ें,government,government.csv
hanumangarh mandi bhav,market,market.json
best place to sell my harvest,market,market.json
आज बीकानेर में हवा चलेगी क्या,weather,weather.json
आयरन,soil,soil.json
रेट किण चल रयो है,market,market.json
बारिश,weather,weather.json
नागौर मंडी भाव,market,market.json
आज काई खबर सा,greeting,greeting.json
soil health,soil,soil.json
आज दृश्यता कितनी है,weather,weather.json
गेहूं में कीट प्रबंधन,pest,pest.json
wind direction,weather,weather.json
आगला हफ्ता मौसम किण रहसी,weather,weather.json
खम्मा घणी म्हारा काका,greeting,greeting.json
थारो स्वागत सा,greeting,greeting.json
मेरे खेत की मिट्टी बलुई है कौन सी फसल अच्छी रहेगी?,crop,crop.csv
check crop quality before selling,market,market.json
guar gum price today mandi mein,market,market.csv
khamma ghani sa sabhi rajasthan ke kisanon ne.,greeting,greeting.json
कीड़े का नाम बताओ,pest,pest.csv
fenugreek seed sowing method kya hai,seed,seed.csv
pm kisan last date for registration kya hai,government,government.csv
magnesium,soil,soil.json
will it rain in my village,weather,weather.json
म्हारी माटी किण सी है,soil,soil.json
मंडी में ऑनलाइन बिक्री कैसे करें,market,market.csv
ram ram sa bhai khad ke baare mein poochna tha,greeting,greeting.csv
யூரியா எவ்வளவு போட வேண்டும்,fertilizer,fertilizer.json
mite attack on crop,pest,pest.csv
hello agrodhan team,greeting,greeting.json
माती सुपीक कशी करावी,soil,soil.json
मंडी में भाव बढ़ेगा या घटेगा इस हफ्ते,market,market.csv
थूं तो बिलकुल बदल गयो,greeting,greeting.json
आज जीरे का मंडी भाव क्या है,market,market.csv
आज शाम को मौसम कैसा रहेगा,weather,weather.csv
थांरो चेहरो देख दिन बन गयो,greeting,greeting.json
मेरी उपज खरीदने वाला कौन है,market,market.json
"hello everyone, may all farmers stay healthy and prosperous.",greeting,greeting.json
soil based fertilizer recommendation,soil,soil.json
મારે ખાતર ક્યારે નાખવું,fertilizer,fertilizer.json
is today's weather safe for agriculture,weather,weather.json
थांने लाख लाख राम राम,greeting,greeting.json
खरीफ फसलों के लिए कौन से बीज अच्छे हैं,seed,seed.csv
थारे बिना सूना लागे,greeting,greeting.json
म्हारी मिट्टी,soil,soil.json
animals destroyed my crop overnight total loss,emergency,emergency.csv
today price,market,market.json
बरसात के बाद सिंचाई करनी चाहिए या नहीं,irrigation,irrigation.csv
खम्मा घणी जी प्रणाम,greeting,greeting.csv
ph value,soil,soil.json
is the soil too wet,soil,soil.json
best fertilizer for my soil,soil,soil.json
मिट्टी में कौन सा पोषक तत्व कम है,soil,soil.json
seller,market,market.json
should i wait to sell,market,market.json
मेरे खेत में पिछले साल गेहूं था अब क्या बोऊं?,crop,crop.csv
आज रो बाजार भाव,market,market.json
रिपोर्ट का मतलब बताओ,soil,soil.json
मेरी मूंग में पाउडरी मिल्ड्यू रोग है दवाई बताओ,disease,disease.csv
जोहार,greeting,greeting.json
राम राम भाई बीज के बारे में पूछना था,greeting,greeting.csv
tana borer keeda,pest,pest.json
थ्रेशर से गेहूं निकालने का तरीका बताओ,machinery,machinery.csv
আমার সার দরকার,fertilizer,fertilizer.json
"म्हाने आज उपज बेचणी है, किण मंडी जाऊँ",market,market.json
mustard sowing seed rate per hectare,seed,seed.csv
घणी मंडी खबर,market,market.json
म्हारे खेत रो मौसम बतावो,weather,weather.json
જમીન સુકી છે,soil,soil.json
थारो स्वागत दिल सूं है,greeting,greeting.json
म्हाने मंडी भाव बतावो,market,market.json
fasal mein keet ka hamla,pest,pest.json
जिप्सम,fertilizer,fertilizer.json
मेरे बैंगन में फोमोप्सिस ब्लाइट रोग है,disease,disease.csv
today's weather report,weather,weather.json
कीट से फसल बचाओ,pest,pest.json
what is the air quality today,weather,weather.json
ram ram pragati ai,greeting,greeting.json
cloud,weather,weather.json
आलू की फसल में अर्ली ब्लाइट दिख रही है,disease,disease.csv
म्हाने भूल मत जाजो,greeting,greeting.json
rain prediction,weather,weather.json
म्हारी जमीन में नाइट्रोजन किण है,soil,soil.json
today wheat price in rajasthan mandi,market,market.csv
where can i sell my cumin,market,market.json
मेरे खेत में मिट्टी में जैव विविधता कैसे बढ़ाऊं?,soil,soil.csv
टपक सिंचाई से कितना पानी बचता है,irrigation,irrigation.csv
namaste farmer,greeting,greeting.json
weather precautions for farmers,weather,weather.json
khamma ghani hukam,greeting,greeting.json
राम राम सा हुकम काई हाल,greeting,greeting.json
chote kisan ke liye sabse sasta tractor kaunsa hai,machinery,machinery.csv
राम राम जी आज बुवाई करनी है,greeting,greeting.csv
loamy soil,soil,soil.json
मेरे खेत में पिछले साल मेथी था अब क्या बोऊं?,crop,crop.csv
शुभ संध्या,greeting,greeting.json
aur batao,greeting,greeting.json
आवो सा,greeting,greeting.json
थारी राह देखसू,greeting,greeting.json
प्याज रो मंडी भाव,market,market.json
राम राम भाई प्रणाम,greeting,greeting.csv
सुप्रभात,greeting,greeting.json
करौली मंडी भाव,market,market.json
मेरी मूंगफली में टिक्का रोग के लिए क्या स्प्रे करूं?,disease,disease.csv
mini tractor vs big tractor kaunsa better hai,machinery,machinery.csv
जिंक सल्फेट,fertilizer,fertilizer.json
अगले पांच दिनों का तापमान बताइए,weather,weather.json
pm fasal bima yojana ke liye kya documents chahiye,government,government.csv
आज फसल की कटाई सही रहेगी,weather,weather.json
"good morning bhai, bhagwan aapko hamesha khush rakhe.",greeting,greeting.json
मेरी मिट्टी जल्दी सूख जाती है,soil,soil.json
क्या आज ओलावृष्टि होगी,weather,weather.json
गेहूं का भाव msp से ज्यादा है क्या आज,market,market.csv
मस्त रहजो,greeting,greeting.json
कल शाम को हवा कितनी चलेगी,weather,weather.json
pmfby ke liye bank mein jaana padega kya,government,government.csv
मेरी गेहूं की फसल में झुलसा रोग आ गया है,disease,disease.csv
आज श्रीगंगानगर मंडी में नरमा का भाव,market,market.csv
फसल बीमा में नुकसान का सर्वे कब होगा,government,government.csv
किसान कर्ज माफी योजना राजस्थान में है क्या,government,government.csv
खम्मा घणी भाई सा,greeting,greeting.json
क्या यह ऐप सभी किसानों के लिए है,general,general.csv
बारिश के बाद खेत में काम कब करें,weather,weather.csv
बीज बोने से पहले खेत कैसे तैयार करें,seed,seed.csv
आज उदयपुर में बारिश की संभावना है,weather,weather.json
कौन सा कीड़ा है यह,pest,pest.csv
गर्मी में फसल को ज्यादा पानी चाहिए क्या,irrigation,irrigation.csv
कम्पोस्ट,fertilizer,fertilizer.json
मुझे मिट्टी की जांच करानी है,soil,soil.json
ram ram sa sabne.,greeting,greeting.json
क्या मेरी मिट्टी अम्लीय है या क्षारीय,soil,soil.json
जय हिंद,greeting,greeting.json
drip irrigation subsidy rajasthan mein milti hai kya,irrigation,irrigation.csv
मेरी धनिया में बैक्टीरियल लीफ स्पॉट है,disease,disease.csv
soil moisture check karne ka tarika kya hai,irrigation,irrigation.csv
थांने देख मन खुश हो गयो,greeting,greeting.json
मेरी मिर्च में फाइटोफ्थोरा ब्लाइट है क्या करूं?,disease,disease.csv
വളം എപ്പോൾ ഇടണം,fertilizer,fertilizer.json
apmc,market,market.json
meri personal jankari kahan jaati hai,general,general.csv
सरसों में माहू कीड़ा लग गया है,pest,pest.csv
bollworm in cotton,pest,pest.json
गेहूं में पहली सिंचाई कब करें,irrigation,irrigation.csv
rice mein brown plant hopper ka attack ho gaya hai,disease,disease.csv
फसल की ग्रेडिंग कैसे होती है,market,market.json
bolkar sawaal poochne ka tarika kya hai,general,general.csv
soil recovery,soil,soil.json
मानसून की स्थिति,weather,weather.json
आज हवा कितणी चालसी,weather,weather.json
भाई म्हारे खेत में कौन सी फसल बोवां जो जल्दी तैयार हो जावे?,crop,crop.csv
नीम का तेल कीड़ों के लिए,pest,pest.csv
फल मंडी,market,market.json
recommend nutrients for my soil,soil,soil.json
kide lag gaye hain fasal mein,pest,pest.csv
म्हाने भाव जाननो है,market,market.json
humidity kitni hai aaj khet mein spray ke liye,weather,weather.csv
आज की नमी कितनी है,weather,weather.json
"khamma ghani sa, mhane thane dekh ne ghani khushi hui.",greeting,greeting.json
मेरे खेत में मिट्टी की जल धारण क्षमता कैसे बढ़ाऊं?,soil,soil.csv
ड्रिप से खाद कैसे दें,fertilizer,fertilizer.json
राम राम हुकुम,greeting,greeting.json
रबी सीजन में कौन सी फसल ज्यादा फायदेमंद है?,crop,crop.csv
भाई म्हारी सरसों री फसल में अल्टरनेरिया ब्लाइट लाग री है,disease,disease.csv
lovely evening,greeting,greeting.json
आज आंधी चालसी के,weather,weather.json
acidic soil mein chuna dalne se kya hota hai?,soil,soil.csv
foliar spray fertilizer kab aur kaise karein?,fertilizer,fertilizer.csv
flood aa gaya hai khet mein kya karein,emergency,emergency.csv
राम राम म्हारा भाई,greeting,greeting.json
आज धूप घणी तेज रहसी के,weather,weather.json
म्हाने चणो बेचणो है,market,market.json
thane dekh ne ghani khushi hui sa.,greeting,greeting.json
मेरी मिट्टी बहुत अम्लीय है कैसे सुधारूं?,soil,soil.csv
मिट्टी सुधार कैसे करें,soil,soil.json
good evening bhai jai shri ram,greeting,greeting.csv
देव नारायण जी री कृपा रहे,greeting,greeting.json
मेरी मिट्टी के अनुसार सिंचाई की सलाह दें,soil,soil.json
hey,greeting,greeting.json
gram seed variety rajasthan ke liye best kaunsi hai,seed,seed.csv
"hello my friend, wishing you happiness and success.",greeting,greeting.json
मंगलमय प्रभात,greeting,greeting.json
night weather,weather,weather.json
आज स्प्रे करने का सही समय,weather,weather.json
पाला पड़ने की संभावना है क्या इस हफ्ते,weather,weather.csv
म्यूरेट ऑफ पोटाश,fertilizer,fertilizer.json
യൂറിയയെ കുറിച്ച് പറയൂ,fertilizer,fertilizer.json
10 day forecast,weather,weather.json
mujhe is app ki jankari do,general,general.csv
vermicompost,fertilizer,fertilizer.json
soil fertility,soil,soil.json
"khamma ghani sa, mharo naman sweekar karo.",greeting,greeting.json
thrips in chilli,pest,pest.csv
check my soil health,soil,soil.json
मेरे खेत में पानी की अच्छी सुविधा है कौन सी फसल ज्यादा फायदेमंद है?,crop,crop.csv
थोड़ा रुकूं तो भाव बढ़सी के,market,market.json
मिट्टी,soil,soil.json
chilli seed best variety batao,seed,seed.csv
किण हाल चाल,greeting,greeting.json
ମାଟି ପରୀକ୍ଷା ରିପୋର୍ଟ ଦେଖାଅ,soil,soil.json
म्हारी फसल स्टोर करणी है,market,market.json
आज तेज हवा का पूर्वानुमान बताओ,weather,weather.json
ऐप में फसल डायरी कैसे देखें,general,general.csv
good morning to every farmer across india.,greeting,greeting.json
irrigation pump ki maintenance kaise karein,irrigation,irrigation.csv
"ram ram sa, mharo naam mohan hai.",greeting,greeting.json
no rain for 15 days crop dying emergency irrigation needed,emergency,emergency.csv
घरवालां ने राम राम कहजो,greeting,greeting.json
how to apply npk fertilizer,fertilizer,fertilizer.json
forecast for my village,weather,weather.json
म्हाने उपज मंडी ले जाणी है,market,market.json
pranam pragati,greeting,greeting.json
trader,market,market.json
urea ki matra per bigha kitni honi chahiye?,fertilizer,fertilizer.csv
crop nutrition,fertilizer,fertilizer.json
grasshopper attack on field,pest,pest.csv
मूंग का बीज कब बोएं राजस्थान में,seed,seed.csv
म्हाने सरसों रो रेट बतावो,market,market.json
which crop is best for drip irrigation?,crop,crop.csv
fasal barbad ho gayi hai turant koi upay batao bhai,emergency,emergency.csv
बारिश में बीज बोना सही है क्या,weather,weather.csv
current weather near me,weather,weather.json
आज मूंग का रेट,market,market.json
"namaskar kisan bhai, bhagwan aapki mehnat safal kare.",greeting,greeting.json
nearest soil testing lab kahan hai?,soil,soil.csv
आज अधिकतम तापमान कितना रहेगा,weather,weather.json
पत्तियों पर खाद का स्प्रे कब करें,fertilizer,fertilizer.json
स्प्रेयर मशीन खरीदने में कितना खर्च आएगा,machinery,machinery.csv
"ram ram sa, kheti badiya chale ehi dua hai.",greeting,greeting.json
नमस्कार किसान,greeting,greeting.json
लाख लाख बधाई,greeting,greeting.json
ମୋ ମାଟି ରିପୋର୍ଟ ବୁଝାନ୍ତୁ,soil,soil.json
soil testing report,soil,soil.json
hello bhai shubh prabhat,greeting,greeting.csv
good evening pragati,greeting,greeting.json
म्हारी शुभकामना थारे साथ है,greeting,greeting.json
भाव ऊपर जासी के,market,market.json
जैविक कीट नियंत्रण के तरीके,pest,pest.csv
आज खाद डालूं के,weather,weather.json
मृदा परीक्षण,soil,soil.json
isabgol price today rajasthan mandi,market,market.csv
मेरे खेत में मूंगफली के लिए खाद की मात्रा बताओ,fertilizer,fertilizer.csv
गेहूं का बीज कितने दिन तक स्टोर कर सकते हैं,seed,seed.csv
onion mein purple blotch disease ka attack hai,disease,disease.csv
कीट से फसल खराब हो रही है,pest,pest.json
keet ki dawa batao,pest,pest.json
"ram ram bhai, bahut din baad mulakat hui.",greeting,greeting.json
कीट नुकसान के लक्षण,pest,pest.csv
खाद कितनी डालें,fertilizer,fertilizer.json
bajra msp 2024 kya hai,market,market.csv
राम राम सा काका,greeting,greeting.json
जिंक,soil,soil.json
drought emergency mera khet sukh raha hai,emergency,emergency.csv
कीड़े मार दवाई,pest,pest.json
10 din se baarish nahi hui fasal mar rahi hai,emergency,emergency.csv
kem cho bhai,greeting,greeting.csv
म्हारी मक्का री फसल में यूरिया कद डालणो चाहिए?,fertilizer,fertilizer.csv
मैं अपनी पूरी उपज बेचना चाहता हूँ,market,market.json
crop is completely yellow and dying urgent help needed,emergency,emergency.csv
यह ऐप किस कंपनी ने बनाया है,general,general.csv
आढ़ती,market,market.json
sell mustard,market,market.json
आज जोधपुर मंडी में जीरे का रेट कितना है,market,market.json
mealy bug,pest,pest.json
ओले पड़ने से पूरी फसल नष्ट हो गई,emergency,emergency.csv
emergency irrigation chahiye abhi fasal sukh rahi hai,emergency,emergency.csv
म्हारी तरफ सूं खम्मा घणी,greeting,greeting.json
ओलावृष्टि से फसल बचाने के उपाय बताओ,weather,weather.csv
म्हारे खेत में ओले पड़े और सब कुछ बर्बाद हो गया,emergency,emergency.csv
म्हाने आढ़ती रो नंबर चाहिए,market,market.json
analyze soil moisture,soil,soil.json
कीटनाशक कौन सा डालूं,pest,pest.json
मेरी मक्का में फॉल आर्मीवर्म का भयंकर हमला है,emergency,emergency.csv
राम राम सा भाई,greeting,greeting.json
"ram ram sa, bhagwan tharo din safal kare.",greeting,greeting.json
good evening ji aaj ki fasal kaisi rahi,greeting,greeting.csv
kya yeh app chote kisan ke liye bhi hai,general,general.csv
best market in rajasthan,market,market.json
मेरे खेत की मिट्टी के लिए क्या सुझाव है,soil,soil.json
desert soil,soil,soil.json
pod borer in soybean,pest,pest.csv
weather update for my area,weather,weather.json
ಮಣ್ಣಿನಲ್ಲಿ ತೇವಾಂಶ ಎಷ್ಟು ಇದೆ,soil,soil.json
मातीचा ph किती आहे,soil,soil.json
आज अजमेर मंडी में प्याज का भाव,market,market.json
"hello everyone, wishing you a joyful and productive day.",greeting,greeting.json
onion price,market,market.json
आज उदयपुर का मौसम,weather,weather.json
आज जोधपुर का मौसम,weather,weather.json
"greetings farmer, may your crops flourish this year.",greeting,greeting.json
ड्रोन स्प्रेयर से दवाई कैसे छिड़कें,machinery,machinery.csv
bajra ki kheti kab karni chahiye?,crop,crop.csv
sprayer machine ki safai kaise karein,machinery,machinery.csv
राजस्थान में सोलर पंप पर सब्सिडी मिलती है क्या,government,government.csv
fall armyworm ne poori maize fasal kha li hai,emergency,emergency.csv
आज जोधपुर मंडी में सरसों का भाव,market,market.csv
kem cho,greeting,greeting.json
आज मंडी में सबसे ज्यादा बिक्री किस फसल की हो रही है,market,market.json
top mandi today,market,market.json
मंडी में फसल बेचने का सही समय कब है,market,market.csv
मेरे खेत का सॉइल हेल्थ कार्ड नहीं बना है क्या करूं,government,government.csv
राम राम किसान मित्र,greeting,greeting.json
weather update for farming today,weather,weather.csv
म्हारी चना री फसल में राइजोबियम कल्चर कद लगाऊं?,fertilizer,fertilizer.csv
ईसबगोल की खेती कब और कैसे करें?,crop,crop.csv
sorting,market,market.json
"म्हारी मिट्टी में केंचुए कम हैं, के करूं?",soil,soil.json
बाढ़ आ गई है खेत में पानी भर गया,emergency,emergency.csv
"मेरी फसल में आयरन की कमी है, क्या डालूं?",fertilizer,fertilizer.json
"म्हारी फसल स्टोर करणी है, किथे जावूं",market,market.json
आज रो बाजार रेट,market,market.json
मेरी फसल में पोटाश की कमी है कितना डालूं?,fertilizer,fertilizer.csv
khamma ghani sa sabne.,greeting,greeting.json
latest soybean rate,market,market.json
heavy rain expected today,weather,weather.json
good night bhai,greeting,greeting.csv
morning weather forecast,weather,weather.json
apna naam aur jila app mein kaise badlein,general,general.csv
आलू का भाव,market,market.json
10 दिन का मौसम,weather,weather.json
क्या कल बारिश होगी,weather,weather.json
good morning bhai aaj spray karna hai,greeting,greeting.csv
"radhe radhe dost, sab badhiya rahe.",greeting,greeting.json
micronutrient fertilizer,fertilizer,fertilizer.json
राजस्थान का मौसम पूर्वानुमान,weather,weather.json
चाय पीसा,greeting,greeting.json
माटी रो moisture बतावो,soil,soil.json
sarson ka bhav aaj badhega ya ghategaa,market,market.csv
potato crop turned black overnight what to do urgent,emergency,emergency.csv
खाद,fertilizer,fertilizer.json
waterlogged soil kaise sudharen?,soil,soil.csv
"म्हारे खेत री मिट्टी में सल्फर री कमी है, के डालूं?",soil,soil.json
फास्फोरस,soil,soil.json
root rot emergency hai meri fasal bachao,emergency,emergency.csv
irrigation advisory,weather,weather.json
टोंक मंडी भाव,market,market.json
mandi mein fasal bechne ke liye registration kaise karein,market,market.csv
मंडी में फसल बेचने के लिए कौन से दस्तावेज चाहिए,market,market.json
सिंचाई का शेड्यूल कैसे बनाएं,irrigation,irrigation.csv
today mandi rate,market,market.json
black soil,soil,soil.json
"मेरी फसल में पोटाश की कमी है, कितना डालूं?",fertilizer,fertilizer.json
मेरी फसल में खाद डालने का सही समय क्या है?,fertilizer,fertilizer.csv
namaste bhai soil test karwana hai,greeting,greeting.csv
coriander seed price today rajasthan mandi,market,market.csv
monsoon update,weather,weather.json
jhunjhunu mandi rate,market,market.json
आज कोटा का मौसम,weather,weather.json
adaab arz,greeting,greeting.json
sikar mandi price,market,market.json
तना छेदक कीट,pest,pest.json
rabi mein kaunse keede aate hain,pest,pest.csv
मिट्टी में नमी कितनी है,soil,soil.json
recommended fertilizer dose,fertilizer,fertilizer.json
आज हवा किस दिशा में चलेगी,weather,weather.json
ram ram tau,greeting,greeting.json
best selling price,market,market.json
check soil fertility,soil,soil.json
ram ram baisa,greeting,greeting.json
प्रणाम काका,greeting,greeting.json
कल का मंडी रेट,market,market.json
आज मौसम का अलर्ट है क्या,weather,weather.json
फेर मिलां सा,greeting,greeting.json
मेरी मक्का में तना छेदक कीड़ा लग गया है,disease,disease.csv
all leaves turned yellow suddenly urgent help needed,emergency,emergency.csv
"राम राम भाई सा, आज का दिन शुभ हो।",greeting,greeting.json
कपास में गुलाबी सुंडी का बहुत बड़ा हमला है,emergency,emergency.csv
म्हारी मिट्टी री उर्वरता कैसे बढ़ाऊं?,soil,soil.csv
मिट्टी का विश्लेषण,soil,soil.json
fungus spreading uncontrollably in my field emergency,emergency,emergency.csv
मुझे अच्छा मुनाफा चाहिए कौन सी फसल बोऊं?,crop,crop.csv
म्हारे गांव रो 7 दिन रो मौसम,weather,weather.json
जैव कीटनाशक,pest,pest.json
"hi pragati, good morning.",greeting,greeting.json
locust attack on field,pest,pest.csv
bio pesticide,pest,pest.json
मेरे खेत में पिछले साल अलसी था अब क्या बोऊं?,crop,crop.csv
पधारो म्हारे देस,greeting,greeting.json
fire in my field crop is burning help immediately,emergency,emergency.csv
ram ram ji,greeting,greeting.json
"hello my friend, hope you are having a great day.",greeting,greeting.json
fertilizer timing,fertilizer,fertilizer.json
guar price,market,market.json
price prediction,market,market.json
मंडी अपडेट,market,market.json
मेरे खेत में पानी की बर्बादी कैसे रोकें,irrigation,irrigation.csv
इस सप्ताह मौसम कैसा रहेगा,weather,weather.json
मिट्टी की ec,soil,soil.json
सरसों का आज का रेट बताओ,market,market.csv
घणा दिनां पाछै मुलाकात हुई,greeting,greeting.json
ਮਿੱਟੀ ਦੀ ਜਾਂਚ ਦਾ ਨਤੀਜਾ ਦੱਸੋ,soil,soil.json
ram ram bhai jai hind,greeting,greeting.csv
soil recommendation,soil,soil.json
जमीन कोरडी आहे,soil,soil.json
आज मौसम साफ रहेगा क्या,weather,weather.csv
stock,market,market.json
hello pragati,greeting,greeting.json
ajmer mandi onion price today,market,market.json
बीज उपचार के लिए थीरम का उपयोग कैसे करें,seed,seed.csv
what is the expected price trend,market,market.json
"hello friend, wishing you a successful farming season.",greeting,greeting.json
pm kisan yojana mein kitna paisa milta hai,government,government.csv
"म्हारी उपज री ग्रेडिंग करावणी है, किथे जावूं",market,market.json
सवाई माधोपुर मंडी में आज का भाव,market,market.json
दोमट मिट्टी,soil,soil.json
ইউরিয়া কত দিতে হবে,fertilizer,fertilizer.json
युरिया किती टाकावे,fertilizer,fertilizer.json
तापमान,weather,weather.json
थोक बाजार,market,market.json
इस सीजन में सूखे की संभावना है क्या,weather,weather.csv
pest infestation bahut bada hai poori fasal khatam ho rahi hai,emergency,emergency.csv
सुबह बारिश होगी क्या,weather,weather.json
best auction price,market,market.json
മണ്ണ് വരണ്ടിരിക്കുന്നു,soil,soil.json
मेरे खेत में कैल्शियम खाद कब और कितना डालें?,fertilizer,fertilizer.csv
अगले 3 दिन का मौसम,weather,weather.json
best time to irrigate today,weather,weather.json
good afternoon farmer,greeting,greeting.json
नहर का पानी बंद हो गया फसल सूख रही है,emergency,emergency.csv
शुभ प्रभात किसान,greeting,greeting.json
खुश रोवो,greeting,greeting.json
flood warning,weather,weather.json
सिंचाई के लिए सरकारी योजना कौन सी है,irrigation,irrigation.csv
म्हाने वर्मी कम्पोस्ट चाहिए,fertilizer,fertilizer.json
which crop is best for loamy soil?,crop,crop.csv
आज कूणसी मंडी में ज्यादा बोली लगी,market,market.json
आज तो घणा खुश लागो,greeting,greeting.json
कीट से फसल नष्ट हो रही है,pest,pest.json
कम पानी में कौन सी फसल उगाई जा सकती है?,crop,crop.csv
आज रो मार्केट ट्रेंड किण है,market,market.json
क्या आज धूप निकलेगी,weather,weather.json
warehouse,market,market.json
सरकारी सब्सिडी पर ड्रिप इरिगेशन कैसे लगाएं,government,government.csv
आज तापमान 40 डिग्री से ज्यादा जाएगा क्या,weather,weather.csv
paani dene ke sahi tarike kya kya hain,irrigation,irrigation.csv
irrigation weather,weather,weather.json
आज सुबह का मौसम कैसा रहेगा,weather,weather.json
बीज की गुणवत्ता कैसे जांचें,seed,seed.csv
what is the wind direction today,weather,weather.json
म्हारी मिट्टी में केंचुए कम हैं के करूं?,soil,soil.csv
"good evening, hope your entire day went really well.",greeting,greeting.json
soil ph kaise check karein ghar par?,soil,soil.csv
ssp,fertilizer,fertilizer.json
मुझे अपनी फसल का अच्छा खरीदार चाहिए,market,market.json
राजस्थान में किसान पेंशन योजना है क्या,government,government.csv
aaj raat minimum temperature kitna hoga,weather,weather.csv
सरसों खरीदनी है,market,market.json
"hi pragati ai, nice to connect with you again.",greeting,greeting.json
soil based crop recommendation,soil,soil.json
म्हारी जमीन री पूरी सिफारिश देवो,soil,soil.json
मेरे पास सिंचाई की सुविधा नहीं है कौन सी फसल बोऊं?,crop,crop.csv
cotton price,market,market.json
fasal diary feature kahan hai app mein,general,general.csv
आज रो भाव,market,market.json
welcome madam,greeting,greeting.json
अगले कुछ दिनों में मौसम का पूरा अपडेट दीजिए,weather,weather.json
hourly temperature,weather,weather.json
high ec soil mein kya karein?,soil,soil.csv
तेज हवा,weather,weather.json
ram ram sa sabhi kisan bhaiyon ne.,greeting,greeting.json
tomorrow rain probability in my district,weather,weather.csv
msp,market,market.json
मेरी मिट्टी का ph कितना है,soil,soil.json
எனக்கு உரம் வேண்டும்,fertilizer,fertilizer.json
best farming practices for my soil,soil,soil.json
माटी री उर्वरता जांच,soil,soil.json
मेरे खेत में ऊसर जमीन है कौन सी फसल उगाऊं?,crop,crop.csv
stem borer in wheat,pest,pest.csv
राम राम सा म्हारा दोस्त,greeting,greeting.json
म्हारी फसल रो भाव आगै किण चालसी,market,market.json
बाड़मेर मंडी भाव,market,market.json
कीट संक्रमण,pest,pest.json
रोटावेटर से खेत कैसे तैयार करें,machinery,machinery.csv
solar pump machine khet mein kaise lagayein,machinery,machinery.csv
root rot se paudhe gir rahe hain emergency hai,emergency,emergency.csv
फसल में कीट का हमला,pest,pest.json
chittorgarh mandi maize rate today,market,market.csv
म्हारी जमीन में जिंक किण है,soil,soil.json
म्हारा जिला रो मौसम,weather,weather.json
मृदा स्वास्थ्य कार्ड कहां से मिलेगा,government,government.csv
मेरे खेत में काली मिट्टी है इसमें कौन सी फसल अच्छी होगी?,soil,soil.csv
purani chat kaise dekhein app mein,general,general.csv
water soluble fertilizer,fertilizer,fertilizer.json
bajra mein rust disease ka attack ho gaya hai,disease,disease.csv
कल दोपहर को मौसम कैसा रहेगा,weather,weather.csv
biofertilizer kab aur kaise use karein?,fertilizer,fertilizer.csv
find the best market for my produce,market,market.json
i want to sell my farm produce,market,market.json
सरकारी योजनाओं की लिस्ट कहां है,general,general.csv
नमस्कार मित्र,greeting,greeting.json
drip tape kaise install karte hain,irrigation,irrigation.csv
aaj bajra ka mandi bhav kya hai,market,market.csv
पत्ती खनक कीट,pest,pest.json
बोली,market,market.json
tidda fasal kha raha hai,pest,pest.json
is week barish hogi kya mere gaon mein,weather,weather.csv
"good morning my friend, have a wonderful day ahead.",greeting,greeting.json
retail market,market,market.json
टमाटर में मकड़ी का जाला,pest,pest.csv
फसल पर पाला पड़ने से क्या नुकसान होता है,weather,weather.csv
"hello sir, nice talking to you.",greeting,greeting.json
अगले सप्ताह खेती के लिए मौसम कैसा रहेगा,weather,weather.json
"namaste ji, umeed hai aap swasth aur khush honge.",greeting,greeting.json
इस ऐप में कितने सेक्शन हैं,general,general.csv
ग्वार रो भाव किण चल रयो है,market,market.json
मेरे खेत में मिट्टी में कार्बनिक पदार्थ कैसे बढ़ाऊं?,soil,soil.csv
laser land leveller machine kaise kaam karti hai,machinery,machinery.csv
कपास बेचनी है,market,market.json
soil testing,soil,soil.json
hi ai,greeting,greeting.json
आनंद में रहो,greeting,greeting.json
मेरी मिट्टी के अनुसार फसल की सलाह दें,soil,soil.json
कीड़े से फसल बर्बाद हो रही है,pest,pest.csv
good afternoon,greeting,greeting.json
फसल में खाद की कमी से पौधे मर रहे हैं तुरंत बताओ,emergency,emergency.csv
"hello everyone, welcome back.",greeting,greeting.json
kota mandi mein aaj soybean ka rate kya hai,market,market.csv
थारा खेत हरा भरा रहै,greeting,greeting.json
storm forecast,weather,weather.json
भाई म्हारी चना री फसल में जड़ सड़न लाग री है,disease,disease.csv
आज गर्मी कितनी पड़ेगी,weather,weather.json
"खम्मा घणी सा, थारो हाल चाल के है?",greeting,greeting.json
saari pattiyaan ek raat mein gir gayi kya hua,emergency,emergency.csv
आज आंधी आवसी के,weather,weather.json
हवा,weather,weather.json
can i sow today,weather,weather.json
भगवान थाने चिरंजीव राखे,greeting,greeting.json
show soil npk report,soil,soil.json
good morning farmer,greeting,greeting.json
धान में भूरा माहू,pest,pest.csv
मिट्टी में जैविक खाद डालूं,soil,soil.json
मेरे खेत में मिट्टी परीक्षण के लिए सैंपल कैसे लें?,soil,soil.csv
राम राम भाईसा,greeting,greeting.json
combine harvester rent per bigha kitna hai,machinery,machinery.csv
live barley price,market,market.json
पीएम किसान में मेरा नाम है या नहीं कैसे पता करें,government,government.csv
"khamma ghani sa, tharo din mangalmay rahe.",greeting,greeting.json
ਮਿੱਟੀ ਵਿੱਚ ਨਮੀ ਕਿੰਨੀ ਹੈ,soil,soil.json
वेयरहाउस,market,market.json
tractor subsidy ke liye apply kaise karein,government,government.csv
मेरे खेत में मिट्टी की संरचना कैसे सुधारें?,soil,soil.csv
seed quality check karne ka tarika,seed,seed.csv
stem rot emergency fasal gir rahi hai turant upay batao,emergency,emergency.csv
"मेरे खेत की मिट्टी में पोषक तत्वों की कमी है, क्या करूं?",soil,soil.json
मेरी मिट्टी की npk रिपोर्ट बताइए,soil,soil.json
എന്റെ മണ്ണിൽ എന്താണ് കുറവ്,soil,soil.json
khamma ghani sa sabhi mitran ne.,greeting,greeting.json
soil ph,soil,soil.json
जय माता दी,greeting,greeting.json
पानी बचाने के लिए कौन सी सिंचाई विधि अच्छी है,irrigation,irrigation.csv
how to check if crop needs water or not,irrigation,irrigation.csv
crop insurance claim karne ka tarika kya hai,government,government.csv
सिंचाई के लिए पाइपलाइन कैसे बिछाएं,irrigation,irrigation.csv
how hot will it be today,weather,weather.json
मेरे खेत में मिट्टी परीक्षण कब करवाना चाहिए?,soil,soil.csv
soybean price,market,market.json
hourly rain forecast,weather,weather.json
सुबह का मौसम,weather,weather.json
chemical fertilizer,fertilizer,fertilizer.json
namaste dost.,greeting,greeting.json
heatwave advisory,weather,weather.json
मेरे खेत में बुवाई के समय कौन सी खाद डालें?,fertilizer,fertilizer.csv
जय शिव शंकर,greeting,greeting.json
thunderstorm,weather,weather.json
"ram ram sa, aaj aap kaise ho?",greeting,greeting.json
जलोढ़ मिट्टी,soil,soil.json
wheat mein powdery mildew disease aa gayi hai,disease,disease.csv
massive pest attack on my crop urgent pesticide needed,emergency,emergency.csv
মাটির উর্বরতা কীভাবে বাড়াবো,soil,soil.json
hello pragati bhai mujhe kuch janna hai,greeting,greeting.csv
sundi patte kha rahi hai,pest,pest.json
मेरी फसल पीली पड़ रही है पानी की कमी से,irrigation,irrigation.csv
क्या तेज हवा में कीटनाशक का छिड़काव करना ठीक है,weather,weather.json
urad bean best seed variety batao,seed,seed.csv
मेरी मिट्टी में फास्फोरस की कमी है क्या करूं?,soil,soil.csv
आज गर्मी घणी पड़सी के,weather,weather.json
have a blessed day,greeting,greeting.json
pest control kaise karein,pest,pest.csv
म्हारे खेत में वर्मीकम्पोस्ट कितनो डालूं?,fertilizer,fertilizer.csv
seed drill se gehu ki buwai kaise karein,machinery,machinery.csv
યુરિયા કેટલું નાખવું,fertilizer,fertilizer.json
गुणवत्ता,market,market.json
मूंग रो रेट बतावो,market,market.json
मातीत ओलावा किती आहे,soil,soil.json
soybean mein pod borer ka attack ho gaya hai,disease,disease.csv
weather warning,weather,weather.json
"khamma ghani sa, tharo swagat hai mhare ghar.",greeting,greeting.json
बीज को घर पर कैसे स्टोर करें,seed,seed.csv
एकलिंगनाथ जी री कृपा रहे,greeting,greeting.json
क्या आज स्प्रे करना सुरक्षित है,weather,weather.json
फव्वारा सिंचाई कैसे काम करती है,irrigation,irrigation.csv
fertilizer application method kya hona chahiye?,fertilizer,fertilizer.csv
thresher machine maintenance kaise karein,machinery,machinery.csv
म्हारी फसल में यूरिया का पत्तियों पर छिड़काव कद करूं?,fertilizer,fertilizer.csv
गोबर खाद,fertilizer,fertilizer.json
आज तो दर्शन हो गया,greeting,greeting.json
आज का मौसम,weather,weather.json
hello friend,greeting,greeting.json
pragati ai se kheti mein kya badlaav aayega,general,general.csv
ram ram hukam,greeting,greeting.json
थाने भगवान खुश राखे,greeting,greeting.json
mandi bhav mein utaar chadhav kyun hota hai,market,market.csv
నా నేలలో ఏ పోషకం తక్కువగా ఉంది,soil,soil.json
मेरी फसल खराब हो गई बीमा क्लेम कैसे करें,government,government.csv
weather alert,weather,weather.json
aaj barish hogi to harvesting ruk jayegi kya,weather,weather.csv
kharif season mein kaunsi fasal best hai?,crop,crop.csv
weekly weather,weather,weather.json
आज तेज बरसात होसी के,weather,weather.json
ram ram bhaisa,greeting,greeting.json
कीट प्रतिरोधी किस्म,pest,pest.json
सरसों मंडी भाव,market,market.json
welcome,greeting,greeting.json
मेरी फसल का सही दाम कैसे पता करूं,market,market.csv
क्या इस फसल पर एमएसपी मिलती है,market,market.json
എന്റെ മണ്ണ് പരിശോധിക്കൂ,soil,soil.json
"म्हारे खेत री मिट्टी चिकनी है, पाणी नहीं सोखती",soil,soil.json
মাটি পরীক্ষার ফলাফল বলুন,soil,soil.json
खम्मा घणी भाई फसल बीमा पूछना था,greeting,greeting.csv
spider mite on tomato,pest,pest.csv
wheat mein rust disease aa gayi hai spray kya karein?,disease,disease.csv
sarson ka seed rate per bigha kitna hona chahiye,seed,seed.csv
म्हाने ग्वार बेचणो है,market,market.json
ram ram tau sa.,greeting,greeting.json
जय हिंद किसान,greeting,greeting.json
मेरे खेत में सरसों के लिए खाद की सिफारिश बताओ,fertilizer,fertilizer.csv
मिर्च के फल सड़ रहे हैं कौन सी बीमारी है?,disease,disease.csv
mustard mein aphid ka bahut zyada attack hai,disease,disease.csv
आज चित्तौड़गढ़ मंडी में मक्का का भाव,market,market.csv
फेरोमोन ट्रैप,pest,pest.json
मेरे खेत में गोबर की खाद कितनी डालें?,fertilizer,fertilizer.csv
मेरी फसल की गुणवत्ता कैसे जांचें,market,market.json
kal ka mausam kaisa rahega,weather,weather.csv
बोरॉन,soil,soil.json
farm yard manure,fertilizer,fertilizer.json
check water holding capacity,soil,soil.json
ऐप की सेटिंग कैसे खोलें,general,general.csv
शुभ रात्रि,greeting,greeting.json
"pranam ji, aaj aapse milkar accha laga.",greeting,greeting.json
hello farmer friend,greeting,greeting.json
अगले 7 दिन का मौसम बताओ,weather,weather.csv
बाजरे में माहू कीड़ा लग गया है उपाय बताओ,disease,disease.csv
म्हाने डीएपी चाहिए,fertilizer,fertilizer.json
heavy clay soil ko kaise halka karein?,soil,soil.csv
